"","Cuarto trimestre del 2020","Tercer trimestre del 2020","Primer trimestre del 2020","Cuarto trimestre del 2019","Tercer trimestre del 2019","Segundo trimestre del 2019","Primer trimestre del 2019","Cuarto trimestre del 2018","Tercer trimestre del 2018","Segundo trimestre del 2018","Primer trimestre del 2018","Cuarto trimestre del 2017","Tercer trimestre del 2017","Segundo trimestre del 2017","Primer trimestre del 2017","Cuarto trimestre del 2016","Tercer trimestre del 2016","Segundo trimestre del 2016","Primer trimestre del 2016","Cuarto trimestre del 2015","Tercer trimestre del 2015","Segundo trimestre del 2015","Primer trimestre del 2015","Cuarto trimestre del 2014","Tercer trimestre del 2014","Segundo trimestre del 2014","Primer trimestre del 2014","Cuarto trimestre del 2013","Tercer trimestre del 2013","Segundo trimestre del 2013","Primer trimestre del 2013","Cuarto trimestre del 2012","Tercer trimestre del 2012","Segundo trimestre del 2012","Primer trimestre del 2012","Cuarto trimestre del 2011","Tercer trimestre del 2011","Segundo trimestre del 2011","Primer trimestre del 2011","Cuarto trimestre del 2010","Tercer trimestre del 2010","Segundo trimestre del 2010","Primer trimestre del 2010","Cuarto trimestre del 2009","Tercer trimestre del 2009","Segundo trimestre del 2009","Primer trimestre del 2009","Cuarto trimestre del 2008","Tercer trimestre del 2008","Segundo trimestre del 2008","Primer trimestre del 2008","Cuarto trimestre del 2007","Tercer trimestre del 2007","Segundo trimestre del 2007","Primer trimestre del 2007","Cuarto trimestre del 2006","Tercer trimestre del 2006","Segundo trimestre del 2006","Primer trimestre del 2006","Cuarto trimestre del 2005","Tercer trimestre del 2005","Segundo trimestre del 2005","Primer trimestre del 2005",""
"Total","127523986|0.504858097765914|643815.169914871|","127237648|0.58490089121022|744214.137106923|","126661703|0.419906923953039|531861.260893834|","126371358|0.421838571602369|533083.131501717|","126078860|0.411040714179261|518235.44657307|","125782872|0.410403588182405|516217.420006882|","125489149|0.39748120327178|498795.779420717|","125191900|0.38794796860585|485679.432909067|","124891145|0.387844673845002|484383.653986539|","124587124|0.380568476068902|474139.319184873|","124286623|0.383403429502123|476519.174994374|","123982528|0.381821349352968|473391.761371522|","123675351|0.37848015000343|468086.653982069|","123364426|0.364988140198917|450265.524124469|","123057147|0.370183838361913|455537.670143262|","122746451|0.363116733694874|445712.903597579|","122433211|0.373753210694908|457598.057069372|","122117027|0.373087208909303|455603.00763732|","121803321|0.377081905370012|459298.283630752|","121486582|0.36347592853891|441574.481974685|","121168094|0.365557793472382|442939.410818942|","120846274|0.374813242441809|452947.837949513|","120527797|0.379643366606454|457575.786227393|","120205174|0.375580200482316|451466.833499316|","119879581|0.386841740249033|463744.257343649|","119550176|0.386049331165754|461522.654855482|","119224847|0.385061580968929|459089.080765987|","118896009|0.434776650148852|516932.085090878|","118564077|0.481911874013176|571374.365377125|","118229132|0.501713898523765|593171.987348009|","117898203|0.510956745949724|602408.821582|","117564064|0.465220482493236|546932.105779457|","117226029|0.459888176433603|539108.647073627|","116884725|0.452751631425915|529197.499325194|","116545271|0.443307138559266|516653.505996242|","116202202|0.454797446137305|528484.647051312|","115857912|0.443240755765641|513529.484763091|","115511147|0.437737211621147|505635.273989404|","115168163|0.446096008827995|513760.57858352|","114818957|0.43696794919962|501722.041695293|","114468031|0.450625146114092|515821.731947674|","114114587|0.436701009213308|498339.553088598|","113764977|0.443304698850039|504325.488686667|","113408736|0.458417033019497|519884.962756114|","113042691|0.466388649111231|527218.279473883|","112663809|0.437540317484292|492949.587588496|","112281633|0.434171044667408|487494.338965726|","111891534|0.425139173895982|475694.743307142|","111498183|0.431774648777344|481420.88804137|","111105266|0.437671968137771|486276.604406905|","110722635|0.442254288988696|489675.602168799|","110344039|0.452067261567652|498829.275410442|","109972848|0.43073737643487|473694.160265908|","109607937|0.412088068891175|451681.230934756|","109257748|0.39928468447316|436249.45436428|","108914323|0.428464402434874|466659.103207939|","108577054|0.426132333567446|462681.933928986|","108246318|0.39318472942273|425607.992538368|","107928527|0.450718811451891|486454.174111933|","107615497|0.407422856845808|438450.132286215|","107306131|0.400371288028524|429622.938818275|","106999770|0.448268811703313|479646.597504278|","106701738|0.436169847578463|465400.807998171|"
"Aguascalientes","1375088|1.5440632936741|21232.2290637174|","1371249|1.83828447951995|25207.4575425725|","1363581|1.42384996768407|19415.3476278461|","1359688|1.42336491593138|19353.3219581291|","1355764|1.4227621873407|19289.2975415777|","1351792|1.25525824947554|16968.4805957505|","1347855|1.22278571041531|16481.3783371183|","1343878|1.33892440602603|17993.5105292145|","1339861|1.3721242465989|18384.5576517225|","1335764|1.3251923825908|17701.4427773902|","1331782|1.29683642023182|17271.0340140917|","1327674|1.28173640202889|17017.280958273|","1323557|1.32206252188089|17498.251052731|","1319359|1.29102747186638|17033.2871425415|","1315264|1.28156587989835|16855.9746545863|","1311095|1.31329717966588|17218.5736577403|","1306891|1.27675263829265|16685.7653221092|","1302607|1.2635957928281|16459.6872490843|","1298387|1.25006994865031|16230.7457041823|","1294139|1.23936871697304|16039.1539201477|","1289844|1.24433125220745|16049.9319967227|","1285527|1.24546573995811|16010.7983629113|","1281170|1.21800564325739|15604.7228997207|","1276863|1.21774837449742|15548.978427059|","1272433|1.18224649920712|15043.2945972562|","1267910|1.2699242947574|16101.4971256585|","1263554|1.24357636255138|15713.2588720724|","1259089|1.54609458221203|19466.7068142276|","1254540|1.25941229351744|15799.8309870937|","1249993|1.33762244175098|16720.1868883163|","1245489|1.50025039562155|18685.4536499228|","1240942|1.54905338947783|19222.854112454|","1236279|1.51124493078555|18683.2037178663|","1231595|1.57297516147516|19372.68343997|","1226915|1.62306873507799|19913.6737709821|","1222164|1.62900784666453|19909.147459109|","1217485|1.56334527824393|19033.4942608281|","1212788|1.48500351358719|18009.9444123638|","1208076|1.46498419447008|17698.1224571864|","1203317|1.45518193486782|17510.4516031934|","1198555|1.47613853890716|17692.3322649987|","1193691|1.56526711789161|18684.4527122316|","1188760|1.6181012311562|19235.3401954925|","1183811|1.65636753422335|19608.2610705648|","1178675|1.64000662354078|19330.3480700193|","1173264|1.65135395117096|19374.7414216665|","1167829|1.53633811787866|17941.8020786411|","1162360|1.49275277917717|17351.1612040437|","1156791|1.40693923062571|16275.3463953475|","1151320|1.40244530757902|16146.6333152188|","1145987|1.37083847641664|15709.6307307327|","1140729|1.3869443182237|15821.27605183|","1135581|1.76793992479813|20076.3898774218|","1130570|1.79004073477324|20237.6635351259|","1125706|1.73819074099786|19566.9174628573|","1121072|1.65247941170285|18525.4839903654|","1116397|1.80173670548456|20114.5345279285|","1111863|1.6140155068893|17945.6412353646|","1107479|1.69994918572541|18826.5802425799|","1103237|1.26989463214965|14009.9474428889|","1098865|1.26564603133411|13907.7412622196|","1094615|1.41917764659919|15534.5313963218|","1090458|1.49502866696622|16302.6597012266|"
"Baja California","3746840|1.96121630072575|73483.6368421128|","3735163|2.24151828446615|83724.3615996144|","3711772|1.42593495719939|52927.454479539|","3699938|1.74637347138877|64614.7356898321|","3688133|1.52644272142039|56297.2377348033|","3676111|1.51344130224363|55635.7821903213|","3664229|1.49711855799787|54857.8523665398|","3652176|1.47615639846667|53911.8297072641|","3640004|1.44812290282245|52711.7315876533|","3627671|1.34298085016525|48718.9268369984|","3615529|1.36285313354152|49274.3502706025|","3603298|1.37534189822706|49557.6671119776|","3590903|1.24553292551|44725.8791881264|","3578442|1.21522276090999|43486.0416699628|","3566060|1.31988896021314|47068.0322545766|","3553618|1.4095344914491|50089.4714043438|","3541082|1.46891994430512|52015.6597421986|","3528436|1.55581625938756|54895.9809900842|","3515923|1.40043099639441|49238.0755013601|","3503256|1.29001330496486|45192.4685069799|","3490614|1.25404889522053|43774.0063034131|","3477812|1.31717582223392|45808.8988067499|","3465192|1.35534152043381|46965.1859387506|","3452392|1.46306986913021|50510.9071162618|","3439527|1.51106810141694|51973.5953366232|","3426514|1.48947281577964|51036.9945588836|","3413718|1.58823591318848|54217.8952509795|","3400719|1.61843550592825|55038.4437528481|","3387704|1.5664420467664|53066.4198759871|","3374592|1.69641637666061|57247.1313334789|","3361660|1.68280960156509|56570.3372519731|","3348577|1.57404532620118|52708.1197627476|","3335386|1.77300516575071|59136.5660777261|","3321988|1.57692605280001|52385.2942428901|","3308688|1.75992675031791|58230.4851965586|","3295309|1.7147505548519|56506.3293615847|","3282041|1.73921814764809|57081.8526852509|","3268962|1.55179221296772|50727.4977608738|","3256212|1.62466962121228|52902.6871662689|","3243233|1.40931580202671|45707.3951655448|","3230270|1.50275177120633|48542.9396397466|","3217062|1.55939931499442|50166.8427909457|","3203770|1.70355771336051|54578.0709533299|","3190068|1.59149131396874|50769.6551296963|","3175785|1.67421223272154|53169.3809549357|","3160816|1.58273433326324|50027.3200432778|","3145601|1.5770180926153|49606.6968914879|","3129886|1.65478109158544|51792.7617161797|","3113844|1.91538168759896|59641.9977563991|","3097738|1.76925418960374|54806.8593479472|","3081856|1.56316950583677|48174.6332058007|","3065896|1.73042208121127|53052.941370973|","3049936|1.66720773922526|50848.7690334174|","3033774|1.72364908505499|52291.6177936362|","3017860|1.61962585893156|48878.040946352|","3001827|1.80236788805278|54103.9659028981|","2985669|1.78803916259054|53384.9309853253|","2969417|1.56199321490383|46382.0920622008|","2953404|1.87290296492313|55314.3910821585|","2937262|1.41386307121012|41528.8627226879|","2921010|1.50484039108384|43956.538307598|","2904473|1.53037718553394|44449.3921519932|","2888097|1.54273660492245|44555.729604667|"
"Baja California Sur","887508|3.23577509975836|28717.7628723634|","881739|3.5836514679127|31598.4526166588|","870249|3.05471380578735|26583.6163477264|","864504|2.83593418136595|24516.7644352759|","858740|2.70834589007422|23257.6494964233|","852988|2.51560572995093|21457.8150037938|","847285|2.34384515615975|19859.0484313681|","841510|2.42740617369174|20426.8656922334|","835746|2.63700675922506|22038.6785099531|","829954|2.36690654289265|19644.2355289992|","824241|2.10156380021609|17321.9504825391|","818534|1.95664082957106|16015.7704479212|","812761|2.21289997507044|17985.5879663822|","806985|2.00042916211612|16143.1632739028|","801277|2.03999940951969|16346.0460686171|","795526|2.07877028055076|16537.1580620543|","789791|2.00222577849415|15813.3989982267|","783986|1.79256484665066|14053.4574386626|","778325|2.17333394620551|16915.601436804|","772554|2.418951300082|18687.7050268355|","766849|1.9227405275768|14744.5165083174|","761075|2.02179221140932|15387.3550729835|","755412|2.37895279355311|17970.8948768354|","749703|2.24622647086365|16840.0272388589|","743953|2.8039665107955|20860.1929760585|","738199|2.69065735994311|19862.4057245264|","732508|2.72721330795095|19977.0556578053|","726816|2.94481196383803|21403.364523089|","721106|2.78141675341629|20056.9630938901|","715354|2.33627339884141|16712.625209548|","709699|3.08038227925733|21861.4422320665|","703985|4.00328523177876|28182.5275389377|","698296|4.26703708481755|29796.5492817976|","692605|4.31799533384278|29906.6515819618|","686962|4.38371128275636|30114.4307022487|","681315|4.97489475305845|33894.7041868002|","675585|5.47636154561073|36997.4771479142|","669851|5.5077588621381|36893.7778156207|","664041|5.2729443517487|35014.5124027956|","658304|4.90922221925617|32317.6062382521|","652441|5.07786041916418|33130.043297399|","646659|4.58422332001406|29644.2926789697|","640963|4.06659427401162|26065.3646565331|","635362|2.54946753259506|16198.3479044466|","629741|3.06288437054374|19288.2386639059|","624163|3.13848905605292|19589.2874469316|","618767|3.099067163403|19176.0049149738|","613372|3.39368688454225|20815.9251174545|","608044|3.31891023693352|20180.4345610601|","602723|3.31216099302705|19963.1561020024|","597552|3.62651990719917|21670.3422358668|","592344|3.32532761395223|19697.3786015892|","587212|3.47682492294766|20416.3331665394|","582114|3.58138464034549|20847.7413853007|","577140|2.78432812805368|16069.471358249|","572287|3.09466877872492|17710.3871137015|","567468|3.00661249723482|17061.5638058085|","562702|2.70145273130656|15201.1285481166|","558099|3.09591696420934|17278.2816180827|","553546|2.91491836326477|16135.4140031176|","549039|3.00193949683401|16481.8185940225|","544560|3.40664071615909|18551.202683916|","540154|2.90399329753608|15686.035956373|"
"Campeche","979798|1.54774688991754|15164.7930724743|","976538|2.34714286821817|22920.7420224404|","969996|1.64588167007606|15964.986364471|","966730|1.73055792810341|16729.8226583541|","963360|1.77318165616298|17082.1228028117|","960102|1.68763446744611|16203.0122746395|","956792|1.93577806250874|18521.3696398386|","953492|1.90959124391217|18207.7997434031|","950145|1.87467112455456|17812.0939563989|","946779|1.79736041469007|17017.0309605985|","943469|1.87766394733327|17715.1772672657|","940104|1.7974927958298|16898.3016733078|","936783|2.02327038075992|18953.6529709942|","933359|1.89648535257167|17701.0167219094|","930007|1.83048396035822|17023.6289652086|","926646|1.91360707547373|17732.3634205943|","923261|1.66598330190327|15381.3740929851|","919824|1.48347792575911|13645.3859958345|","916404|1.407588749231|12899.1996015029|","913003|1.48460381039153|13554.477326989|","909624|1.31512588313764|11962.7006632319|","906186|1.44168108758166|13064.3121803127|","902783|1.46355170691771|13212.6960062629|","899358|1.40529907440769|12638.6696496115|","895910|1.54104120944403|13806.34229953|","892432|1.27912941778383|11415.3602457166|","888985|1.42578976135799|12675.0571100084|","885554|1.47306891347098|13044.8206859988|","882076|1.48773429980775|13122.9472023722|","878559|1.5856280707791|13930.6781223562|","875086|1.7976617037448|15731.0858968322|","871637|1.697436102406|14795.4811199286|","868103|1.67228492061482|14517.1555644049|","864611|1.70494715813119|14741.1606733897|","861179|1.80448287139371|15539.8275470397|","857648|1.69931897679465|14574.1752180998|","854189|1.74289124417353|14887.5852896934|","850589|1.72136025375682|14641.7009688276|","847158|1.65075403442328|13984.4948629396|","843619|1.53544907417447|12953.3401250599|","840154|1.39938335253154|11756.9752116279|","836526|1.40109504744457|11720.5243565862|","833057|1.4617835521576|12177.4902060976|","829519|1.4485177349053|12015.7298294091|","825907|1.50335029333161|12416.2753071463|","822268|1.52180262492651|12513.2960079307|","818712|1.40154931678348|11474.6524424243|","815075|1.28142619874234|10444.5845893991|","811472|1.36064486083002|11041.2520650745|","807858|1.29718278849127|10479.3949314498|","804346|1.23002987438041|9893.69609338389|","800785|1.15652314475769|9261.26386474786|","797230|1.235901737887|9852.97942495649|","793692|1.22470097237827|9720.35364168856|","790293|1.25532405325019|9920.73812015251|","786802|1.29611054047445|10197.8236546638|","783401|1.31845398705786|10328.7817191511|","779911|1.14415421597188|8923.38458732844|","776544|1.8318823117861|14225.3721792363|","773179|1.17122120132935|9055.63637222622|","769792|1.24632096965738|9594.07911874496|","766411|1.43447402650386|10993.9667312685|","763049|1.52931054216818|11669.3887989089|"
"Coahuila de Zaragoza","3142045|1.4609026638374|45902.21910397|","3133907|1.51566147461654|47499.4210493111|","3117642|1.32145246271114|41198.1569875168|","3109448|1.37319872795184|42698.9003823241|","3101229|1.38546549162562|42966.4576112862|","3092916|1.37424318708889|42504.1874123823|","3084676|1.30935180526054|40389.2608924387|","3076370|1.39570483714274|42937.0448984082|","3067944|1.29654087619583|39777.1480187973|","3059476|1.29773648917336|39703.9364295014|","3051103|1.36738332798066|41720.2737415179|","3042622|1.34738268110728|40995.76187956|","3034099|1.23427541779993|37449.1381087135|","3025476|1.21744277558289|36833.4389889943|","3016954|1.49633415814296|45143.7132374602|","3008430|1.51661414118467|45626.2748076421|","2999778|1.46828901336173|44045.4107992422|","2991086|1.54693903807008|46270.2769962489|","2982473|1.45729648831326|43463.4742938911|","2973809|1.33740710003146|39771.9327073746|","2965117|1.27360569380614|37763.8989400137|","2956329|1.32405651263613|39143.4666594507|","2947645|1.28535894419115|37887.8186505033|","2938910|1.44713335318577|42529.9468301119|","2930129|1.35981899614104|39844.4507534376|","2921220|1.36930230068617|40000.3326681046|","2912401|1.38053887927646|40206.8281254364|","2903562|1.40594785468802|40822.5676485367|","2894621|1.39004947758452|40236.6640885518|","2885662|1.76291207700203|50871.6838994583|","2876808|1.72558816547431|49641.8583914182|","2867924|1.45476818872363|41721.6460287703|","2858895|1.82882623871728|52284.2218973763|","2849845|1.87427180313458|53413.8412680407|","2840830|1.96500899797455|55822.5651171605|","2831767|1.98804225096524|56296.7244088908|","2822645|1.78174945147334|50292.4618045397|","2813543|1.77686282351894|49992.7995907194|","2804576|1.67153055229121|46879.3447022266|","2795502|1.7273857184617|48289.1023073112|","2786341|1.74401761191519|48594.2777680139|","2777076|2.01029040040134|55827.2922398496|","2767870|1.88080391709447|52058.2073800826|","2758477|1.8256087844072|50358.9984278522|","2748916|1.71121210465879|47039.7833389023|","2739066|1.61305349702059|44182.5998987019|","2729228|1.60328279777048|43757.2430359353|","2719187|1.70273129061619|46300.4478993678|","2709032|1.7908968687163|48515.9692605226|","2698865|1.73576343946026|46845.911950389|","2688892|1.67168113758728|44949.7003740933|","2678914|1.47420915381669|39492.7954108769|","2669011|1.6406870509231|43790.1178647132|","2659131|1.65162151042695|43918.7795864312|","2649482|1.77569459790252|47046.7087463997|","2639833|1.82519049484932|48181.9809958957|","2630213|1.87850405163446|49408.6577716163|","2620578|1.51272479289512|39642.1331231551|","2611161|1.94570286848418|50805.4344777403|","2601748|1.43292099365407|37280.9932939749|","2592278|1.44169041995775|37372.6235846724|","2582837|1.64847024146973|42577.2993306695|","2573607|1.72627123765094|44427.4374111712|"
"Colima","787121|1.7281937291404|13602.9757627472|","784256|1.91519765874672|15020.0525505807|","778545|1.77878379915685|13848.6323291457|","775742|1.86120429736648|14438.1434404766|","772858|1.90659033296782|14735.2359155684|","769969|1.63325332238231|12575.5442738138|","767034|1.71217183338535|13132.940100489|","764135|1.53114748686832|11700.0338487813|","761221|1.61684322859645|12307.7501931542|","758216|1.7241711591578|13072.9415961199|","755266|1.78674878337777|13494.7060662659|","752331|1.88230253561561|14161.1454892223|","749308|1.94632234775455|14583.9490575126|","746272|1.89141142330714|14115.0738569427|","743300|1.70123627259362|12645.2892141883|","740284|1.69589971392175|12554.4742382085|","737272|1.58657507854891|11697.3738131192|","734211|1.52059887445465|11164.4042021223|","731153|1.46596290467063|10718.4317563865|","728088|1.5491095075894|11278.8804316175|","724987|1.58276579503808|11474.8462544727|","721910|1.63866107813933|11829.6581891957|","718850|1.50141126812046|10792.8949008839|","715751|1.45950233153183|10446.4025329624|","712588|1.53731039550236|10954.6894011023|","709409|1.57916419023453|11202.7328903009|","706280|1.54447752783938|10908.335883624|","703097|2.0364791410701|14318.4237464896|","699909|2.38513149919214|16693.7500246807|","696712|2.51456181891236|17519.2539397807|","693542|2.38107999200909|16513.7897981797|","690334|2.3459861782729|16195.1402239184|","687067|2.05933778196546|14149.0303184166|","683760|2.17488588425563|14870.9997221863|","680520|2.08244893867726|14171.4815174865|","677217|2.13237236141311|14440.788134791|","673952|2.01560997339138|13584.2437278707|","670638|2.11546593716574|14187.1184516896|","667389|2.06764957526919|13799.2658238933|","664068|2.1633767437832|14366.2926749062|","660702|2.28417478868368|15091.5885123288|","657319|2.26178012946187|14867.1105291774|","653872|2.31572282544949|15141.8631532231|","650377|2.23210706114341|14517.1109410527|","646896|2.15314876742347|13928.6332505117|","643272|2.02542243170492|13028.9753848769|","639634|2.06057128208414|13180.1145144461|","636014|1.94722762644193|12384.6403160384|","632428|2.09376562544464|13241.560069687|","628831|2.22639138031938|14000.2391807761|","625451|2.31149012431477|14457.2380974279|","622054|2.29244966859162|14260.2748614609|","618790|2.13971643712383|13240.3513412785|","615561|2.13838785334224|13163.081653912|","612500|1.99476864093252|12217.9579257117|","609535|2.21103892254999|13477.0560965651|","606538|2.03769917850586|12359.4198433259|","603631|1.37649705352276|8308.96292914997|","600730|2.31698534537253|13918.8260652564|","597945|1.58407606499115|9471.90362681136|","595185|1.63018011439201|9702.58751384407|","592549|1.96232531924807|11627.7390559512|","590006|1.96301913983763|11581.9307061904|"
"Chiapas","5591531|2.81580409841065|157446.559061902|","5576355|2.94994703040012|164499.518727068|","5545943|2.76341340383579|153257.332231093|","5530632|2.852278395033|157749.021644781|","5515279|2.66928485959134|147218.507311221|","5499755|2.32975722563591|128130.939504772|","5484393|2.51172331216655|137752.777511831|","5468889|2.33329371254141|127605.243182869|","5453190|2.29595543561763|125202.812219557|","5437385|2.18380475759812|118741.872318927|","5421790|2.10958178580967|114377.09430485|","5406040|1.97177040729295|106594.69692642|","5390176|1.98541157087596|107017.177994579|","5374194|2.00360706220942|107677.730520835|","5358291|2.15610284326613|115530.264601473|","5342304|2.23581842707105|119444.217262154|","5326176|2.51579265728061|133995.544721842|","5309957|2.50863760855066|133207.578299869|","5293775|2.47289523306153|130909.509624003|","5277524|2.55656646086215|134923.40854795|","5261146|2.55819213666311|134590.223270366|","5244593|2.54793839871446|133628.99890329|","5228302|2.54989634246185|133316.28147086|","5211739|2.61689115253361|136385.536784144|","5195070|2.49943904926398|129847.608216598|","5178220|2.56646298468569|132897.099565591|","5161631|2.45663821329466|126802.599575263|","5144799|2.46013967640238|126569.241470153|","5127866|2.50487151315951|128446.454666992|","5110684|2.48360621957282|126929.265686713|","5093736|2.55070391005395|129926.123319826|","5076592|2.53719671660878|128803.125539624|","5059386|2.44209208737486|123554.865175751|","5041994|2.548497989102|128495.115700643|","5024730|2.69792155611322|135563.273806488|","5007274|2.69464852722133|134928.435094937|","4989654|2.51080929756335|125280.696548241|","4971733|2.34216770124403|116446.324518091|","4953939|2.34722874316262|116280.280126743|","4935786|2.11358682826826|104322.122767509|","4917605|2.11719048276929|104115.065040187|","4899438|2.14214128127129|104952.883948292|","4881638|2.13307564621062|104129.031314163|","4863738|2.2593737248488|109890.018417487|","4845552|2.3436502878452|113562.793395689|","4827198|2.3297805470136|112463.119969829|","4808864|2.42533928698114|116631.267849493|","4790291|2.49871548408858|119695.742949902|","4771585|2.47253674803354|117979.192588656|","4752763|2.36081340735444|112203.866123781|","4734306|2.37082825530541|112242.26434062|","4715786|2.15901951007207|101814.739793247|","4697398|2.04233954880216|95936.8171186416|","4678863|2.0690322457391|96807.184203956|","4660759|2.01956565845977|94127.0881875732|","4642784|1.87185037843371|86905.9698738596|","4625043|1.90155994816416|87947.9652733701|","4607705|2.02242893118712|93187.5589837557|","4591042|2.19086537999943|100583.549759233|","4574477|2.17172970869288|99345.2760263229|","4557675|2.09925784438304|95677.3499589847|","4540444|2.16456880452884|98281.0344111013|","4523022|2.14208692592011|96887.0629184902|"
"Chihuahua","3894733|1.87370609165013|72975.8494745078|","3886811|1.755599062067|68236.8174603169|","3870810|1.35515815037173|52455.5972004041|","3862714|1.33893197099397|51719.1126940601|","3854611|1.74784495896809|67372.6240513296|","3846353|1.65601679462517|63696.2516605692|","3838089|1.88233418796228|72245.6614114196|","3829703|2.19462395859839|84047.5795811614|","3821224|2.28520814020248|87322.9219033707|","3812576|2.23373924336214|85163.0062950067|","3804030|2.13970405219181|81394.9840565923|","3795324|1.92239055493879|72960.9501053252|","3786559|2.02091018811267|76522.9566098973|","3777585|2.1044915707383|79498.9579024745|","3768769|2.02519611709908|76324.9634504339|","3759864|1.94769643601753|73230.737127106|","3750881|1.90545597906891|71471.3862822597|","3741825|1.84071865975674|68876.4709904425|","3732860|1.63161178493982|60905.7836753047|","3723857|1.62235335902652|60414.1191248443|","3714728|1.62380232169586|60319.8395086861|","3705572|1.61915825295141|59999.0748570565|","3696531|1.60129116028043|59192.2241400257|","3687366|1.57880508952672|58216.3220774777|","3678056|1.80962443573927|66559.0001361743|","3668723|1.70464930716589|62538.8612013356|","3659372|1.71533399995646|62770.4521008867|","3650023|1.98978905559345|72627.7581806437|","3640680|2.1221511222151|77260.7314762608|","3631410|2.28050702202135|82814.5600483856|","3622311|2.46623674891097|89334.7650418443|","3613168|2.69868131703134|97507.889768955|","3603717|2.54065481279487|91558.0094000068|","3593917|2.65340901841762|95361.3177924441|","3583874|2.3385223963754|83809.6961478749|","3573795|2.49486504308029|89161.3621663513|","3564019|2.44738222870997|87225.1676338467|","3554763|2.53002098252996|89936.2497792115|","3546163|2.23817834917458|79369.4524924396|","3537476|2.48166352672285|87788.2516585743|","3528931|2.37514127791927|83817.0968502893|","3520213|2.19244350491143|77178.6812775479|","3511235|2.21205721011723|77670.5269816596|","3501575|2.40216434129744|84113.5860337859|","3490958|2.32508851260281|81167.8634377888|","3479068|2.24887411161748|78239.8595775681|","3466254|2.16984290361181|75212.2664401604|","3452678|2.03936745497411|70412.7914570509|","3438636|2.15592422915126|74134.3866763176|","3424586|2.19582120009386|75197.7854034462|","3410797|2.1508956041075|73362.6827380306|","3397127|2.08889633780313|70962.4614935213|","3383489|1.94119575002565|65680.1446705854|","3369772|1.84896481549131|62305.8986422777|","3356231|2.02134704210095|67841.076044575|","3342739|2.05839606484998|68806.8080342055|","3329237|1.97781699157832|65846.2150759124|","3315816|2.06788568975347|68567.284562556|","3302787|2.14309441386703|70781.8436989265|","3289824|1.99673930230023|65689.2087845056|","3276880|2.11382367067554|69267.4650996328|","3263878|2.19882175693409|71766.8595837851|","3251170|2.29594187100572|74644.9733275766|"
"Ciudad de México","8729187|1.63415520873712|142648.464040903|","8735627|1.69155974670483|147768.349954278|","8748384|1.41619082549903|123893.811587425|","8754670|1.41782763243754|124126.130388719|","8760844|1.41602974111328|124056.156612538|","8767071|1.37442049830852|120496.420925262|","8773115|1.37650802282391|120762.631826568|","8779092|1.33472335010045|117176.590850801|","8785117|1.38239343985293|121444.881091404|","8791061|1.41795974136004|124653.705818403|","8796879|1.3594866843898|119592.398646882|","8802665|1.37339477123103|120895.340838984|","8808398|1.325871113449|116788.00463962|","8814081|1.28078144635947|112889.114115095|","8819650|1.27542888350116|112488.36352371|","8825142|1.29396709567742|114194.433626808|","8830676|1.29380373633677|114251.616031795|","8836103|1.29350302998443|114295.260037545|","8841465|1.30795576517263|115642.45119322|","8846769|1.34746104410744|119206.765937174|","8851952|1.33937926861292|118561.209955567|","8857186|1.35581005974926|120086.618798703|","8862204|1.37846540935316|122162.416646312|","8867267|1.34439276103343|119210.895649506|","8872196|1.33620761967766|118550.958984737|","8877171|1.28345135694773|113934.17165807|","8881958|1.27005364980558|112805.631753199|","8886708|1.29652462409567|115218.35749148|","8891375|1.24550177404788|110742.23336225|","8896060|1.28670527367769|114466.073169532|","8900604|1.36569810842966|121555.380466815|","8905034|1.38003276942307|122892.387328266|","8909480|1.40020044524254|124750.578628795|","8913787|1.39218316316717|124096.241814584|","8917995|1.39641113766892|124531.875436758|","8922106|1.40615983372459|125459.070894331|","8926265|1.35153553998535|120641.643868273|","8930533|1.34457207664718|120077.453013761|","8934759|1.38574470631195|123812.949864231|","8938894|1.37117219045637|122567.628662373|","8943226|1.34901350048899|120645.326119242|","8947640|1.34243641823333|120116.377932413|","8951984|1.29698118854969|116105.548481978|","8956178|1.35243979059629|121126.914988631|","8959901|1.32270799519728|118513.326888761|","8963022|1.28431634211554|115113.556293411|","8965457|1.29484446307804|116088.723554143|","8967359|1.35655430575525|121647.094627031|","8968812|1.30805862758483|117317.319157864|","8969995|1.27121204376904|114027.65676548|","8971001|1.28610676636901|115376.650872032|","8971930|1.26126654380743|113159.951423822|","8972943|1.28301892359868|115124.556693723|","8974022|1.23652896429294|110966.381292021|","8975204|1.41417005222722|126924.6470943|","8976352|1.36109128950396|122176.345187215|","8977474|1.35289300027927|121455.617347892|","8978363|1.24520923923955|111799.405608466|","8979060|1.49261398233464|134022.705042217|","8979589|1.22578164546597|110070.153800282|","8980102|1.24199077246936|111532.038198336|","8980687|1.34246967187139|120562.999300696|","8981330|1.30280788097296|117009.475056189|"
"Durango","1853296|2.37761171993133|44064.1829010185|","1849470|2.03513829608157|37639.2722445398|","1841838|1.79053906871196|32978.828972383|","1837965|1.76044720513861|32356.4034739259|","1834026|1.78835611319249|32798.9160885397|","1830082|1.86695620400302|34166.8294373426|","1826150|1.75146876043429|31984.4467686709|","1822087|1.66188812894014|30281.0475519614|","1818025|1.40367002849775|25519.0720355963|","1813949|1.51477878628705|27477.3146460661|","1809849|1.58626282203553|28708.9618219817|","1805674|1.64990928352257|29791.9829561533|","1801427|1.68141024384314|30289.3781133562|","1797144|1.74086523153271|31285.8550565763|","1793014|1.72770222055568|30977.9426928743|","1788722|1.8125452974239|32421.3964949867|","1784374|1.9419312174587|34651.3157422165|","1780038|2.08734243657921|37155.4885612359|","1775719|2.0619857949449|36615.0735381376|","1771392|1.98917993380631|35236.1742130503|","1766936|1.95875046225352|34609.8670677238|","1762550|1.56579113304394|27597.851615466|","1758118|1.66796962119808|29324.8741448152|","1753652|1.51908648213131|26639.4904756254|","1749106|1.67544909083101|29305.3805746707|","1744515|1.58632652615602|27673.7041977707|","1740024|1.54385086142269|26863.3755129616|","1735431|1.94861304327781|33816.8348230866|","1730805|3.09544857246107|53576.1786645849|","1726142|3.44877824401389|59530.8097567862|","1721500|4.11181187841077|70784.8414868414|","1716834|4.67352736359171|80236.7067774461|","1712149|4.55401749471543|77971.5649955953|","1707392|4.05639424241574|69258.550783467|","1702643|3.86156182709138|65748.6121396435|","1697796|4.05302409161354|68812.0809064509|","1692936|3.44469512921542|58316.4839327344|","1687914|3.03407810998212|51212.6291893237|","1682833|3.50406889816379|58967.6277610367|","1677731|4.27687809105833|71754.5095658938|","1672543|4.22890094681835|70730.1867629441|","1667472|3.79608811650391|63298.7064380301|","1662566|3.57252791732781|59395.6344940003|","1657631|3.70590374839057|61430.2093634841|","1652655|4.88277599291949|80695.4415857837|","1647502|4.51720880981586|74421.1054858925|","1642207|4.0511736037132|66528.6565023304|","1636852|4.12315075138415|67489.8755370465|","1631251|4.22079005257049|68851.6799404566|","1625444|3.56479617254474|57943.7654988581|","1619640|3.85770335279627|62480.9065832296|","1613857|3.87913806062401|62603.7411310448|","1608188|4.08170928400702|65641.5589002868|","1602787|2.38159156468549|38171.8399918756|","1597744|2.28841954280364|36563.0859399726|","1592865|2.29294229033558|36523.4752129538|","1587990|2.35634346509419|37418.4985913492|","1583019|1.96623887766163|31125.9350187703|","1578077|2.34483293977506|37003.2693110141|","1573196|2.29272604299981|36069.0743994312|","1568498|2.51846305598994|39502.0426639411|","1564100|2.42749747078123|37968.4879404892|","1560156|2.42494981105337|37832.9999741379|"
"Guanajuato","6048231|2.13413612514647|129077.482703308|","6038508|2.30181188215727|138995.094649017|","6018912|1.92120904199871|115635.881573945|","6008957|1.81569712995154|109104.459789022|","5998910|1.89711785211115|113806.392542081|","5988607|2.05237341706971|122908.578120776|","5978398|1.86138839132105|111281.20635897|","5968015|1.71201390558839|102173.246687601|","5957510|1.8114529068423|107917.488070421|","5946781|1.69565524971843|100836.904215758|","5936169|1.70494073566014|101208.163418629|","5925401|1.75055079277619|103727.154180668|","5914471|2.04266947023568|120813.093442943|","5903342|2.07857695256932|122705.506243345|","5892310|2.18708065804087|128869.572321808|","5881130|1.94109581266798|114158.36816756|","5869790|2.09842570271216|123173.182055228|","5858313|1.90172257991247|111408.861122947|","5846883|1.914981302595|111966.716234606|","5835287|1.79975326936929|105020.768559581|","5823636|1.91133393828178|111309.131309996|","5811670|1.96208547826736|114029.93311482|","5799912|1.87139596004277|108539.318854036|","5787919|1.93150024330217|111793.669567133|","5775738|1.97525554630707|114085.585185165|","5763421|1.75404211095085|101092.831371384|","5751201|1.83572169692204|105576.044590597|","5738720|2.03813157122268|116962.66410407|","5726157|2.12080547600906|121440.651220876|","5713391|2.46327500471104|140736.53242441|","5700692|2.44945061596813|139635.635308446|","5687825|2.0367593961777|115847.310125644|","5674810|2.08291321911533|118201.367649678|","5661652|2.00361962126369|113437.970359668|","5648528|1.89353339158551|106956.763813057|","5635183|1.85868522753232|104740.313965413|","5621673|1.75675023061519|98758.753391932|","5607830|1.68671380822432|94588.0429517457|","5593996|1.65291571095265|92464.0387540627|","5579786|1.79027246112678|99893.3721478076|","5565772|1.76928833680973|98474.5548494217|","5552050|1.93244061266735|107290.069035598|","5538762|2.12418040083861|117653.296853097|","5525152|2.12972080658905|117670.311739671|","5510919|2.06708386471047|113915.317446264|","5495623|2.17836718126088|119714.847837825|","5479604|2.19954319011617|120526.256627333|","5462957|2.19640908615238|119988.883920598|","5446109|2.3003092590313|125277.349583937|","5429457|2.38100391398746|129275.583678266|","5413559|2.13103135663301|115364.639799828|","5398300|2.14482986422609|115784.350560517|","5383952|1.96666901904215|105884.5159841|","5370576|1.94163602366282|104277.03829419|","5358524|1.92381726777295|103088.210009758|","5347619|2.08892223645695|111707.602411997|","5337887|2.1749035724924|116093.895058607|","5329507|1.86148355856727|99207.8965576919|","5322523|2.29501326772811|122152.60902788|","5316277|1.95044561120901|103691.091426214|","5310470|1.95960647691029|104064.314074378|","5304762|1.7891490425749|94910.098533877|","5299075|1.73255015646532|91809.1322037147|"
"Guerrero","3662884|3.41735827286936|125173.869399608|","3659206|4.49215174870847|164377.086317845|","3651652|2.23544886042728|81630.8130207699|","3647748|2.23145950861469|81398.0195963022|","3643817|2.12623683865895|77476.1793873175|","3639767|2.14492377575502|78070.2277650852|","3635702|2.25822800955402|82102.4409079156|","3631509|2.24063919891831|81369.0141662462|","3627219|2.23531941619559|81079.9305749353|","3622871|2.21883805963771|80385.6405995772|","3618532|2.09399147230653|75771.7515026831|","3614078|2.07991816954586|75169.8649835595|","3609573|2.06492533402571|74534.9873271517|","3604893|2.05003801679762|73901.6769648762|","3600285|2.8437447026684|102382.913968465|","3595537|2.623155106365|94316.5124167429|","3590733|2.72877146164826|97982.8973679865|","3585794|2.7660880277676|99186.2185344091|","3580887|2.90986303914388|104198.907286508|","3575876|1.76753566560528|63204.8836578193|","3570768|1.70715110233823|60958.4052739408|","3565507|1.74336777197264|62159.8999454284|","3560329|1.63085841216396|58063.9249972129|","3554993|1.81388246050207|64483.3944990762|","3549521|1.9284440255245|68450.5256592375|","3543920|1.84077159973217|65235.4728772282|","3538361|2.0249760259706|71650.9619622936|","3532669|2.40007499630531|84786.7053712289|","3526878|2.42398383218055|85490.9525007328|","3520888|2.81111344968985|98976.1561165158|","3514982|2.96725982763151|104298.648834478|","3508938|2.88068318131884|101081.386808906|","3502695|2.57282538300535|90118.2260492592|","3496353|2.64447412822874|92460.1505165493|","3489989|2.50024470764892|87258.2652700294|","3483456|2.45249279696142|85431.5074853206|","3476864|2.46305825131703|85637.1856390712|","3470089|2.35845420060198|81840.4597851271|","3463290|2.3495934676816|81373.2356068701|","3456312|2.2296436948206|77063.4425813277|","3449163|2.26586340061304|78153.3220444868|","3441930|2.15858311209376|74296.9197100889|","3434635|2.39623755795021|82302.0138485032|","3427169|2.46838192303802|84595.620067963|","3419344|2.63084379062831|89957.5993042217|","3411065|2.45398015726013|83706.8582512451|","3402640|2.68567320312058|91383.7906786622|","3393922|2.64775504569724|89862.7410020286|","3385243|2.61016081687246|88360.2863419177|","3376751|2.43591272870191|82254.707425569|","3368617|2.5325888083992|85313.2171398329|","3360817|2.22187817264081|74673.2593454018|","3353423|2.57013288013912|86187.4271331477|","3346462|2.52344920017296|84446.2685730922|","3339988|2.2913053737224|76529.3245256833|","3333995|2.40169127396974|80072.2669895873|","3328259|2.15618211793807|71763.3253966644|","3322832|2.307803009542|76684.4168980246|","3317786|2.42082201824419|80317.6940062232|","3313022|2.356927018247|78085.5106384672|","3308527|2.3801204746474|78746.9285362375|","3304339|2.18392586086179|72164.3139515419|","3300452|2.34739916116652|77474.7825627035|"
"Hidalgo","3056781|2.4484986196959|74845.2405921264|","3048910|2.35132469120243|71689.77364254|","3033177|2.3978125287726|72729.8981258488|","3025232|2.47656110697685|74921.7191078179|","3017238|2.91285939397948|87887.9005217187|","3009108|3.1164625816637|93777.724861849|","3001018|3.21157443153316|96379.9267737079|","2992943|3.00320352202324|89884.169588148|","2984752|3.14504231650946|93871.7134428623|","2976434|3.08932860885647|91951.827085731|","2968192|3.23889855670338|96136.7278481853|","2959883|3.07485761263627|91012.1877506269|","2951492|2.82898142389764|83497.160407825|","2942999|2.81453128457784|82831.627559813|","2934609|2.78390400224564|81696.6974012608|","2926104|2.84844574088346|83348.4847618206|","2917530|2.73723005910437|79859.5081433876|","2908851|2.80001633162337|81448.3030625899|","2900246|2.49420028478215|72337.9439913831|","2891583|2.5910060425615|74921.0902556811|","2882842|2.57677388576452|74284.3198238517|","2873982|2.63463581120297|75718.9589795275|","2865208|2.66737898421518|76425.9560460522|","2856352|2.65274181275673|75771.6438235132|","2847347|2.53971646918029|72314.5406937109|","2838319|2.28844933620263|64953.4923148131|","2829314|2.16595135797465|61281.5650043669|","2820238|2.64313642611006|74542.7378809979|","2810998|3.33223887696645|93669.1681867494|","2801726|3.40262881535563|95332.3362033107|","2792500|3.2138710423875|89747.3488586709|","2783214|2.74105842180974|76289.5217439877|","2773767|2.69526485910754|74760.3672245215|","2764284|3.00520665727935|83072.4467941079|","2754793|2.75117627111567|75789.2113343556|","2745169|2.74196713749792|75271.6318487803|","2735532|2.91225964133433|79665.7944117859|","2725711|2.98725459963087|81423.9272201446|","2715966|2.99187341113802|81258.2646095488|","2705997|3.10945405383297|84141.7334130986|","2695892|3.08091878477673|83058.2430452931|","2685739|3.06369039192886|82282.7276952863|","2675642|2.99079605835874|80022.9954717909|","2665347|3.01239566171103|80290.797397545|","2654777|2.99682761561303|79559.0902689432|","2643818|2.65085533626391|70083.7905341059|","2632822|2.72810788816949|71826.2246634617|","2621746|2.40756385165169|63120.2089781241|","2610694|3.04156234228044|79405.8855761748|","2599897|3.27355115802443|85108.9583509423|","2589550|3.2220732270218|83437.197250343|","2579528|3.32486778600991|85765.8955031057|","2569952|3.22717867830056|82936.9429865587|","2560746|2.48984815452095|63758.687022969|","2552042|2.58964410479884|66088.8052049904|","2543783|2.83353176547984|72078.8993498759|","2535846|2.90176659622865|73584.3321598004|","2528238|2.39322360162531|60506.3885212598|","2521137|2.5088030204008|63250.3612044421|","2514306|2.22927860240775|56050.8856570541|","2507756|1.95668427848316|49068.8673947183|","2501396|1.97308158248157|49354.5837809307|","2495305|2.32944382401532|58126.7282128454|"
"Jalisco","8393547|1.85553158191557|155744.915427927|","8373487|1.98257495058632|166010.655752602|","8333159|2.01740025324509|168113.170769316|","8312778|1.98788157712551|165248.182409343|","8292219|1.86689994223113|154807.431720679|","8271370|1.65685468636558|137044.581471637|","8250649|1.62465003424964|134044.171804318|","8229627|1.51947217821301|125046.892635706|","8208360|1.51714373437906|124532.619435277|","8186809|1.53300720956329|125504.372203177|","8165514|1.44039504321691|117615.658909183|","8143931|1.43631795155775|116972.742915476|","8122131|1.4020362505349|113875.220935933|","8099961|1.30400192922281|105623.647706295|","8078141|1.27124768911738|102693.180786144|","8055985|1.17849720644738|94939.5581768196|","8033639|1.28219310162787|103006.765067686|","8010965|1.39030158742971|111376.573563438|","7988508|1.75739794941358|140389.87578074|","7965828|1.66135719518103|132340.856633745|","7942943|1.64103519292255|130346.489983778|","7919814|1.674639698416|132628.349284708|","7896848|1.58984264696598|125547.45727008|","7873608|1.67308418760786|131732.090442227|","7850061|1.80991752440788|142079.629715709|","7826242|1.76532764568638|138158.813644319|","7802630|1.67039200705516|130334.507860088|","7778722|1.69172095066524|131594.269768006|","7754609|1.81772636690184|140957.572443143|","7730215|2.40806450283566|186148.563407877|","7706049|2.17661495745443|167731.015162767|","7681609|2.07314794341745|159251.119004869|","7656854|2.10818366815884|161420.545522767|","7631652|1.86422076104986|142270.840995077|","7606603|1.88219147572428|143170.833258187|","7581268|2.26255287829103|171530.197344957|","7556001|2.19288395489609|165694.333560788|","7530777|2.16332401396614|162915.107279239|","7505909|2.59213869367243|194563.571500841|","7480583|2.43770120914707|182354.26224225|","7454818|2.44465901575792|182244.880345344|","7428529|2.29124996991708|170206.168477781|","7402009|2.43886832997153|180525.253282643|","7374759|2.3874046245674|176065.337416701|","7346610|2.92871302140919|215161.12370215|","7317522|2.62128015051299|191812.751695421|","7288207|2.60783373160951|190064.320575526|","7258451|2.23813368571615|162453.836892201|","7228631|2.47125522213174|178637.921076134|","7199002|2.55594850510767|184002.784001671|","7170408|2.72784223649162|195597.417952774|","7142397|2.58436337239149|184585.491978789|","7115116|2.60091624017957|185058.207551615|","7088672|2.33015838046424|165177.284671622|","7063408|1.99842651291145|141157.018187108|","7038517|2.22528009056437|156626.717471989|","7013608|2.4626492955379|172720.56800379|","6988439|2.22804998369294|155705.913999891|","6963656|2.58823064488203|180235.478596166|","6939097|2.62007173776548|181809.319353132|","6915229|2.22094837667403|153583.666218792|","6892394|1.86378868712769|128459.659644267|","6871316|1.90102112095579|130625.168447614|"
"México","18162118|1.95993801586677|355966.255168581|","18104424|2.46103750159376|445556.664087542|","17988565|1.5607218779723|280751.469488268|","17930314|1.66036365866261|297708.417540094|","17871711|1.60228220223073|286355.244587112|","17812494|1.69996602237469|302806.34573753|","17753905|1.47807884321376|262416.71364927|","17694804|1.51176906679695|267504.57330235|","17635082|1.49726997794537|264044.788372048|","17574696|1.42718458382295|250823.351965749|","17515232|1.48510204423093|260119.06848379|","17455027|1.41494186901459|246978.485270802|","17394328|1.39148964137733|242040.272307197|","17333034|1.3064399417606|226445.679294945|","17272485|1.26124738552019|217848.765476868|","17211493|1.2637674999699|217513.254793595|","17149822|1.29887562051436|222754.856919608|","17087890|1.35303423393042|231205.001556374|","17026314|1.36753660411453|232841.076281476|","16964335|1.32237958172187|224332.902214897|","16902058|1.34757002013603|227767.066394004|","16839285|1.43630604863328|241863.669001596|","16777187|1.50010374694004|251675.210818138|","16714436|1.4265570724667|238440.968880921|","16651171|1.41633759662461|235836.795151255|","16587322|1.49402666525695|247819.013732032|","16524389|1.543361494236|255031.056983768|","16460921|1.49060773081076|245367.760988651|","16396826|1.69292968158753|277586.734192262|","16332220|1.57321107162665|256940.293282422|","16268541|1.61531300590638|262787.858644212|","16204261|1.46481731713823|237362.821242276|","16139479|1.45095105762254|234175.941245267|","16074191|1.39593244765708|224384.847867374|","16009420|1.39092859322604|222679.600389649|","15944225|1.41681013556684|225899.395837582|","15878804|1.3997363683846|222261.394452509|","15812976|1.38521080148541|219043.051588295|","15748053|1.41037006684337|222105.82562263|","15682415|1.41079014328921|221245.965049709|","15616306|1.48490199813981|231886.839829628|","15549739|1.47459126554955|229295.093109752|","15483980|1.52379302802197|235943.807700317|","15417551|1.65298894675544|254850.413890383|","15350115|1.50774883189101|231441.179606427|","15281713|1.41013598249295|215492.933754303|","15213710|1.39829043461689|212731.851680354|","15144961|1.40740271173035|213150.591804504|","15075648|1.35696509049826|204571.2805264|","15005900|1.41089522557118|211717.526653986|","14937200|1.454837594433|217312.001155645|","14868407|1.47037418915622|218621.218866697|","14799918|1.45518334933045|215365.942450561|","14731497|1.32627434719147|195380.065668281|","14664704|1.26640857613635|185715.06912101|","14597873|1.35833421692767|198287.903902646|","14530910|1.26835612785232|184303.687417706|","14463887|1.22423377998223|177071.790552459|","14398127|1.38223599159499|199016.093509556|","14332336|1.36323957746393|195384.076727111|","14266647|1.40168510046071|199973.465334326|","14201222|1.45594080555446|206761.385985378|","14137483|1.41994027117977|200743.814448194|"
"Michoacán de Ocampo","4750969|3.21875318087596|152921.965809931|","4744584|2.67992123641326|127151.114195466|","4731655|2.0533921279254|97159.4312905887|","4725081|2.23952633653228|105819.433417483|","4718414|2.02016426968791|95319.713723952|","4711606|2.12455948777228|100100.872299448|","4704825|2.25199920485849|105952.621589983|","4697901|2.27180183306894|106727.001033764|","4690844|2.08684037289281|97890.42642142|","4683663|2.07956709471038|97399.9145751252|","4676514|2.25053904482202|105246.773506568|","4669310|2.45383761863207|114577.285310549|","4661914|2.48982199414925|116073.360120323|","4654480|2.28892031751314|106537.338394586|","4647039|2.36780534764772|110032.837949275|","4639479|2.12199410486841|98449.470876608|","4631790|2.11303217640826|97871.2130436603|","4624029|1.93063412709295|89273.0819206747|","4616322|2.13207321266734|98423.3647724694|","4608493|1.95760432071028|90216.0580876309|","4600562|1.96906335302579|90587.9803752302|","4592444|1.92842296046395|88561.744542449|","4584513|2.22742190640267|102116.446863878|","4576380|2.30266067292403|105378.502503561|","4568096|2.17575364185337|99390.5150833579|","4559695|2.14476530742728|97794.7564844964|","4551347|2.12740845412169|96825.7408544139|","4542882|4.13740166505041|187957.275509275|","4534280|4.86214949400896|220463.472076949|","4525607|3.96590416425921|179481.236471006|","4516953|3.82854554087093|172933.602664736|","4508246|3.31338237900054|149375.428565997|","4499292|2.97730444179082|133957.620565139|","4490220|2.46106047560424|110507.029687677|","4481167|2.44281726257346|109466.721040745|","4471933|3.00786721815598|134509.806724899|","4462754|2.71297566885297|121073.430180763|","4453584|3.0351949140433|135174.955060646|","4444538|3.16178200221988|140526.602565823|","4435189|2.70391788687886|119923.868687884|","4425920|3.1155469508007|137891.615604878|","4416596|3.01709570685028|133252.928304921|","4407239|3.17266231377073|139826.810830806|","4397534|3.04597037922055|133947.583056153|","4387131|3.27335377867211|143606.318363796|","4375990|2.95923381327235|129495.775745417|","4364248|2.63961644844512|115199.408058937|","4352099|2.68249220015208|116744.716217897|","4339843|2.66214569148024|115532.943441507|","4327710|3.10213162322093|134251.260471295|","4316253|2.89966338672059|125156.807919229|","4305270|2.59487532884342|111716.389070097|","4295085|2.57626420590701|110652.737468281|","4285757|2.81316697531474|120565.50056624|","4277419|2.93112991832583|125376.708041153|","4269684|3.72514748624249|159052.026196498|","4262319|3.67620329000935|156691.511308694|","4255238|2.6965803812408|114745.913083104|","4248509|3.52948454261335|149950.468446537|","4242185|2.34218712259367|99359.9107866001|","4236474|2.6314736294348|111481.696127862|","4231608|3.31263798005563|140177.853775072|","4227696|2.44018671497986|103163.676141735|"
"Morelos","2038520|1.79742158246884|36640.7984429438|","2033291|2.15997678620235|43918.6135959417|","2022686|2.20491666933416|44598.5407822884|","2017397|2.13496029656662|43070.6249741261|","2012008|1.9561105430937|39357.1006158887|","2006603|1.81420336593728|36403.8591669984|","2001285|1.81409962505417|36305.3036812654|","1995877|1.84303783101536|36784.7681705345|","1990362|1.78509236313569|35529.8000607549|","1984868|1.55800946570658|30924.4313217808|","1979412|1.7873160565084|35378.348500454|","1973876|1.72372356466181|34024.165749204|","1968336|1.68922090118508|33249.5431175504|","1962702|1.76332049650106|34608.7266512363|","1957177|1.80100830267386|35248.9202680232|","1951549|1.70409846455533|33256.316544045|","1945912|1.78006422333385|34638.4833295603|","1940238|1.69654347002777|32916.9810919974|","1934601|1.71213403042948|33122.962074029|","1928936|1.67330728420975|32277.0265957443|","1923230|1.77991173072949|34231.7963789087|","1917520|1.63931425028932|31434.1786121478|","1911858|1.63677838172719|31292.8784333218|","1906130|1.64604965064995|31375.846205934|","1900312|1.74721016017218|33202.4443389711|","1894524|1.70959447887526|32388.6777049667|","1888762|1.82249618138323|34422.6153254175|","1882985|2.61855496284636|49306.9971671525|","1877165|2.66039167994664|49939.9414788703|","1871291|2.82024420989419|52774.9760777711|","1865509|2.05107272187522|38262.9462231271|","1859679|1.90691568618462|35462.5105636813|","1853814|1.77752367589407|32951.9827570388|","1847890|1.69589380909842|31338.2521089487|","1842013|1.69719067082251|31262.4727913379|","1836065|1.91333145289432|35130.0091405841|","1830145|1.74386748030736|31915.3034974712|","1824314|1.87147732666662|34141.622877205|","1818534|1.91205247252733|34771.3243107501|","1812766|1.81157797471183|32839.6695890646|","1806957|1.89368439891442|34218.062804092|","1801000|1.84113678695498|33158.8735330592|","1795157|1.98599043471286|35651.6463080784|","1789109|1.85693135247762|33222.5259509988|","1782944|1.86200626821645|33198.529038789|","1776475|1.88547240768488|33494.9459544199|","1770001|1.78251116287607|31550.4654080181|","1763287|1.80974314698064|31910.9656441004|","1756564|1.79563308086439|31541.4442705548|","1749862|1.72904297004195|30255.8658964354|","1743277|1.5833741103843|27602.5966902841|","1736894|1.69260054618325|29398.6773306241|","1730600|1.78211444504634|30841.2725859719|","1724567|2.05665565063578|35468.4046545|","1718792|1.91251807369134|32872.2076491608|","1713141|2.38276978904127|40820.2061916796|","1707478|2.28202893638386|38965.1420423884|","1701684|1.97939528499132|33683.0528614518|","1695947|1.86524033443405|31633.4874946243|","1690244|1.76676825363162|29862.6944009133|","1684656|1.50403451128902|25337.8076365012|","1679421|1.77886248728613|29874.5901726056|","1674632|1.62188177016481|27160.5511253463|"
"Nayarit","1341943|11.6266755473928|156023.358640949|","1336582|5.77899726078059|77241.0371680864|","1325839|1.66422732075672|22064.9748672477|","1320489|1.64064926684424|21664.5930972588|","1315118|1.81859579828989|23916.680690554|","1309656|1.82586179592756|23912.5085620731|","1304228|1.98946544689074|25947.1654086742|","1298784|2.08686931916096|27103.9248181715|","1293287|2.33886621110987|30248.2526556764|","1287802|2.10641883317935|27126.5038620603|","1282317|1.87928389040475|24098.3768049214|","1276840|1.87929227162303|23995.5554409916|","1271268|1.75476452884748|22307.7599305888|","1265700|1.63383190104981|20679.4103715874|","1260212|1.71937843329123|21667.8133417481|","1254587|1.65994145480833|20825.4096996362|","1249053|1.73138507946953|21625.9172766666|","1243431|1.74978899261925|21757.4187688155|","1237861|1.71581358763565|21239.3872340425|","1232235|1.75236622321262|21593.269930604|","1226661|1.76793822195553|21686.6086728219|","1220986|1.6133433303519|19698.6961955305|","1215417|1.57579007073445|19152.4204040186|","1209777|1.54431535367852|18682.7719562714|","1204111|1.73474772255415|20888.288149524|","1198361|1.70071464357667|20380.7010099118|","1192710|1.70740304524125|20364.3668608969|","1187006|1.7393533363323|20646.2284634646|","1181299|1.62562292921717|19203.4674066131|","1175537|1.73232620833002|20364.1355396164|","1169884|1.86414561356675|21808.3412698192|","1164153|2.16000227036983|25145.7312305785|","1158378|2.15631307082165|24978.2562235224|","1152582|2.29751568659649|26480.7522508875|","1146782|2.12540419416519|24373.7527259314|","1140991|2.31425144066407|26405.4006553474|","1135178|2.37885525932534|27004.2415557042|","1129312|2.35963014933537|26647.5864320622|","1123528|2.32983697733585|26176.3707947219|","1117670|2.18920998121674|24468.1431970652|","1111719|2.14097173870756|23801.5896038423|","1105624|2.02008787162837|22334.5763298124|","1099532|2.14879595858127|23626.6991793078|","1093287|1.81490904858501|19842.1646900036|","1087016|1.73749063331372|18886.8011826214|","1080587|1.6730263247104|18078.5049713983|","1074302|1.84274318426685|19796.6268834424|","1067974|1.62286807354275|17331.8090797374|","1061782|1.63070758620093|17314.5596229159|","1055706|1.60759515237547|16971.478479337|","1049813|1.64483158979969|17267.6558578238|","1044114|1.57887262063436|16485.2300742103|","1038579|1.73513706312099|18020.7691587913|","1033268|1.76181615726229|18204.2825718209|","1028254|1.72303135526572|17717.138831774|","1023273|2.10797708168252|21570.3603230452|","1018352|1.98371809455233|20201.2328902356|","1013514|1.77535829017162|17993.50482105|","1008792|1.69712672199774|17120.4786013754|","1004165|1.74857174633897|17558.5454766247|","999760|1.70934415347713|17089.339108803|","995512|1.38962119118908|13833.8457128303|","991668|1.38915595376174|13775.81506355|"
"Nuevo León","5466316|1.2743601405217|69660.5522589604|","5449065|2.0284331866719|110530.642823323|","5414474|1.28671792027928|69669.0072468623|","5397124|1.23546819397137|66679.7504091955|","5379726|1.24257774346322|66847.2779353042|","5362161|1.25229748829997|67150.2075216003|","5344796|1.28239192726257|68541.2324326527|","5327266|1.24977805394036|66579.0013430266|","5309610|1.26798957717895|67325.3013888515|","5291769|1.23471732974701|65338.38889318|","5274272|1.22655201779721|64691.6896401133|","5256452|1.25527939542998|65983.1588866673|","5238612|1.29944124887516|68072.6851965242|","5220546|1.35668451503583|70826.3391823224|","5202814|1.28490082819168|66851.0001752726|","5184932|1.29068514287856|66921.1469923562|","5166937|1.27029858422173|65635.5275586285|","5148878|1.25867928836133|64807.8609689932|","5130958|1.25662592810971|64476.9485884196|","5113006|1.26370874394096|64613.5039002258|","5095007|1.19326307229273|60796.8370617299|","5076927|1.20671565945833|61264.073128268|","5058995|1.19822966338245|60618.3787590348|","5040970|1.15943472963358|58446.7568904099|","5022848|1.16650099205817|58591.571749574|","5004535|1.17725955357869|58916.3663996894|","4986564|1.14825370371453|57258.4058180956|","4968502|1.14460602733356|56869.7733601886|","4950328|1.23277276046975|61026.295137907|","4932013|1.29957965596798|64095.4375776958|","4914031|1.4814195569253|72797.4162673719|","4896031|1.4231129417136|69676.0507913096|","4877963|1.41265812696261|68908.9407497293|","4859956|1.48291444282408|72068.9894388955|","4842152|1.47548902093119|71445.4211368001|","4824319|1.4167332666108|68347.7321604255|","4806407|1.39485594925361|67042.453984842|","4788237|1.43941532493678|68922.6171722933|","4770190|1.46688324603608|69973.1179140883|","4751800|1.36502605260975|64863.30796791|","4733122|1.4045070991032|66477.0344992155|","4714038|1.41189782272679|66557.3998845136|","4695043|1.41182777478617|66285.9211121538|","4675755|1.40605595945582|65743.7318270533|","4656166|1.37937560983236|64226.0181573071|","4636399|1.44371548655466|66936.4103814653|","4616756|1.43372709054294|66191.6814762664|","4596968|1.49044320630786|68515.1972521464|","4577042|1.43134333806501|65513.1857474377|","4556956|1.42646042088949|65003.173737349|","4537041|1.39619759678927|63346.0574073437|","4517126|1.42437351198175|64340.7462468405|","4497274|1.33215153900772|59910.5048043939|","4477391|1.33732851166676|59877.4264218016|","4457948|1.41672103665382|63156.6871190884|","4438458|1.58977047881255|70561.2949984939|","4418811|1.59992062042771|70697.4683667278|","4399052|1.3447913083444|59158.0689455504|","4379519|2.0095547194118|88008.8307520365|","4359938|1.23440985428066|53819.5043125271|","4340356|1.25444739243653|54447.4826644623|","4320875|1.29003397226946|55740.7553992982|","4301902|1.32272595991381|56902.3745240513|"
"Oaxaca","4135611|2.88238484601141|119204.224753981|","4130539|3.45007504046676|142506.695075745|","4120179|3.01309338865556|124144.841049775|","4114881|2.66565286759476|109688.443374612|","4109579|2.71088123270161|111405.805854047|","4104125|2.83868281274702|116503.090988654|","4098693|2.70308345119967|110791.092198479|","4093180|2.28054951073841|93346.9964636424|","4087563|2.27921869038787|93164.499877379|","4081840|2.1015040028868|85780.0309914347|","4076153|2.18273218916334|88971.503610547|","4070373|2.21538180838031|90174.3029752237|","4064526|2.08538018335771|84760.8197514218|","4058571|2.21986140306624|90094.6511450394|","4052599|2.09251119182006|84801.0876345879|","4046551|2.59837954822415|105144.75359246|","4040487|2.77909315566865|112288.897672681|","4034284|2.93968068703312|118595.067608067|","4028124|2.61096712750135|105172.993494993|","4021874|2.56165089735484|103026.371411481|","4015536|2.5151682882387|100997.488074809|","4009099|2.49460598357213|100011.22354133|","4002729|2.56173272888802|102539.218841692|","3996200|2.61230475358569|104392.922562791|","3989551|2.94120676479403|117340.943896908|","3982873|2.94119593203736|117144.098654214|","3976186|2.77900132686949|110498.261698799|","3969477|2.80167451428604|111211.825459446|","3962574|3.38543873660065|134150.515162466|","3955584|3.65778064681618|144686.586020557|","3948612|3.48686531009272|137682.782058158|","3941571|3.49669962253717|137824.898279035|","3934405|3.47602897036799|136761.057611607|","3927298|3.16067044429639|124128.947145443|","3920203|2.74710892352217|107692.246433184|","3912901|2.95110797019908|115473.933277|","3905347|3.1711916389459|123846.037535824|","3897463|2.93888912700888|114542.116336194|","3889367|2.82668555660069|109940.175232194|","3880941|2.8022868612244|108755.099734871|","3872707|2.68902323702832|104137.991132023|","3864827|2.60252882106434|100583.236559276|","3857422|2.69359728294289|103903.414183641|","3849928|2.83884736156226|109293.579450047|","3842373|2.9608753827808|113767.876271616|","3834225|2.87503173011694|110235.185354076|","3825862|2.60609377772504|99705.5515263469|","3817145|2.49108975172136|95088.5079033442|","3808432|2.30497799545158|87783.5195717365|","3799880|2.28620215721368|86872.9385315314|","3791866|2.23253258693684|84654.6441029783|","3784242|2.31964839205285|87781.1087043888|","3777045|2.15724380472688|81480.0692642463|","3770318|2.09049350802839|78818.253022026|","3764401|2.121629604978|79866.6460660877|","3759246|2.25394879016797|84731.4797364379|","3755246|2.31013381095932|86751.2075306975|","3752610|2.36299874700867|88674.127280122|","3751256|2.45014630084376|91911.2601191794|","3750502|2.32323767187237|87133.0753483266|","3749982|2.16557484942193|81208.6670498493|","3748923|2.4418475108152|91542.9829578784|","3747259|2.38956669430608|89543.253013387|"
"Puebla","6501606|2.16769295921983|140934.855498214|","6488351|2.9961691827718|194401.973132066|","6461529|1.99429241917722|128861.783009938|","6447974|1.91399834579752|123414.115697454|","6434299|1.74765633272311|112449.43393984|","6420438|1.69219881078711|108646.575483324|","6406687|1.68407888080166|107893.662726065|","6392749|1.74850392432575|111777.467137295|","6378594|1.89104850896182|120622.306729728|","6364282|1.97860985098261|125924.310596313|","6350113|2.0790662900623|132023.058763864|","6335747|2.0431014054711|129445.736004093|","6321228|2.03908678421337|128895.324747995|","6306522|1.9017446806472|119933.946668845|","6291950|1.75533026476524|110444.502593896|","6277115|1.70530492087293|107043.950983853|","6262207|1.68688964017672|105636.521129421|","6247094|1.53476781540062|95878.3881098231|","6232150|1.61211872116028|100469.656880791|","6216959|1.64831139193677|102474.843429038|","6201653|1.60520452241841|99549.214420697|","6186180|1.61052387050939|99629.9055726776|","6170844|1.65795722621575|102309.954016501|","6155253|1.53669037308289|94587.1802898957|","6139519|1.90352635376618|116867.362159482|","6123613|1.85088235679676|113340.872615513|","6107863|1.67118401305045|102073.629995023|","6091952|2.3429083855804|142728.854253533|","6075839|2.37530158593801|144319.50012604|","6059552|2.65614509011354|160950.492930877|","6043395|2.85099467546247|172296.869667165|","6027024|2.45384321853043|147893.719703201|","6010554|2.25384852869432|135468.782895377|","5993959|2.59325062037755|155438.378952676|","5977450|2.49605186953374|149200.252475445|","5960752|2.3154657549941|138019.171300126|","5943758|2.2528949626947|133906.624576763|","5926323|2.18373818936907|129415.378576363|","5908935|2.11932113638509|125229.308390256|","5891096|2.24318534473102|132148.202116035|","5873415|2.11732271655102|124359.150032315|","5856039|2.17404220804594|127312.759579631|","5839333|1.98257608570411|115769.219622629|","5822521|1.96553284380026|114443.562592167|","5805348|1.75617510881192|101952.076555911|","5787500|1.69275376003881|97968.1238622461|","5769421|1.63597285249806|94386.1613063218|","5750810|1.55186972129624|89245.0791192763|","5731987|1.75647653627453|100681.006717306|","5713304|1.80344409944185|103036.243871175|","5695069|1.69461959610457|96509.7552856767|","5677129|1.66034882933992|94260.1448916174|","5659698|1.73861080039699|98400.1206978523|","5642743|1.73658637002309|97991.1058334322|","5626689|1.66846709153584|93879.4543080671|","5611558|1.73284313324664|97239.4974711527|","5597442|1.67476184279243|93743.8227884373|","5584581|1.71746545593171|95913.2495335254|","5573137|1.78067472011164|99239.4416761882|","5562231|1.77781301479834|98886.0666311479|","5551303|1.92749610105942|107001.148882995|","5539950|1.92010612852062|106372.919466978|","5527955|1.79681560777226|99327.1582306268|"
"Querétaro","2158098|3.14219243080841|67811.5920054277|","2151241|2.51288417592241|54058.194674955|","2137495|2.01109413475511|42987.0365756838|","2130558|1.99342584739478|42471.0938657372|","2123569|1.75287162288172|37223.4383933132|","2116556|1.58539239978089|33555.7179611065|","2109569|1.77417373412602|37427.419101265|","2102539|1.85830025152583|39071.4875254287|","2095406|1.69064396627578|35425.8551079806|","2088267|1.58346170877132|33066.9083219076|","2081163|1.68576789708131|35083.5777399343|","2073997|1.64029813488095|34019.7341084869|","2066811|1.45300102805871|30030.7850780305|","2059567|1.48484922756077|30581.4646905965|","2052359|1.4736492505592|30244.5730222843|","2045069|1.42254837930355|29092.0959151393|","2037768|1.4286045208082|29111.6457715828|","2030397|1.39039804895532|28230.6002740473|","2023069|1.39377805524401|28197.0917644444|","2015685|1.36188777485585|27451.3675946031|","2008228|1.3564636655777|27240.8831419578|","2000751|1.42216724955492|28454.0254671426|","1993342|1.46336278384705|29169.8249827924|","1985814|1.37995325061722|27403.3048442118|","1978299|1.34112286685273|26531.420263719|","1970715|1.39737616747813|27538.3017389167|","1963117|1.4298676179683|28069.9742858308|","1955501|1.51901406543013|29704.3352396269|","1947752|1.74220123199763|33933.7593402584|","1940054|1.76597390078259|34260.8473010886|","1932342|2.3023367937059|44489.0208462325|","1924579|2.44330092119761|47023.2564361758|","1916781|2.44846279239417|46931.669596681|","1908905|2.19016988548426|41808.2624525034|","1901072|2.19882435324194|41801.2341086636|","1893122|2.31135845989451|43756.8355031242|","1885177|2.37758747597952|44821.7322520464|","1877077|2.391891572261|44897.6465678495|","1869045|2.47022267380937|46169.5733737004|","1860828|2.40533444613142|44759.1368672584|","1852556|2.17320523902669|40259.8440479032|","1844308|2.25095886992597|41514.6145147542|","1836263|2.31904469403036|42583.7596699428|","1828076|2.22825680255119|40734.2278258057|","1819776|2.55104874277321|46423.3727692886|","1811205|2.60975404070029|47267.9956728656|","1802583|2.46631112153422|44457.3050038851|","1793833|2.32023221375471|41621.0911269625|","1785043|2.13809534715384|38165.9213276953|","1776308|1.69150643903994|30046.3641971815|","1767799|1.73760855361345|30717.4266346931|","1759375|1.75055465160462|30798.8209016688|","1751104|1.6877685531459|29554.58264488|","1742985|1.66165057328708|28962.3202448079|","1735175|1.76290836872587|30589.5452870391|","1727527|1.76711569003576|30527.4006666041|","1720343|1.76245021839161|30320.1889605848|","1713575|1.64062229703759|28113.2935264619|","1707306|1.65135966617981|28193.7626622679|","1701300|1.55990885781445|26538.7293979972|","1695350|1.59011333555598|26957.9864343484|","1689310|1.57403971461649|26590.4103029878|","1683156|1.65630896645101|27878.2637473581|"
"Quintana Roo","1815332|1.97687215351409|35886.7928018304|","1804253|1.72248895688959|31078.0586793492|","1782031|1.58599189314018|28262.8671932449|","1770957|1.59174572703279|28189.1323750881|","1759818|1.67671054131655|29507.0539139861|","1748655|1.67087368715709|29217.8162741568|","1737517|1.63809614859308|28462.1990581501|","1726430|1.57755140772566|27235.3207683981|","1715181|1.62904669930807|27941.0994676591|","1703848|1.56742439149299|26706.5291459655|","1692816|1.62387446858351|27489.2068240966|","1681650|1.52304997509715|25612.3699062212|","1670380|1.56423115994191|26128.6044494376|","1659059|1.4814854449921|24578.7176088314|","1647950|1.58995246944482|26201.621720216|","1636736|1.57340894016033|25752.5505508226|","1625464|1.5266394733748|24814.9750494969|","1614167|1.39955254670081|22591.1153565041|","1603004|1.43886078793157|23064.9959849746|","1591768|1.43728450555632|22878.2348284038|","1580552|1.52277712541379|24068.2843112701|","1569230|1.49686571908788|23489.2659236427|","1558094|1.42409516037926|22188.7412481595|","1546886|1.40998793436358|21810.9059583595|","1535628|1.44132503228953|22133.3907668471|","1524259|1.54746074378055|23587.309658542|","1513089|1.55503639739784|23529.0846750231|","1501914|1.78987663061565|26882.4076979447|","1490711|2.20180545371871|32822.5560971847|","1479365|2.24631672674868|33231.2234446656|","1468205|2.53711116028077|37249.9929108003|","1457064|1.89055702292912|27546.625780572|","1445796|2.13159599968925|30818.5296996673|","1434540|1.90650300260191|27349.5481735254|","1423423|1.78515865037412|25410.3588159148|","1412224|1.83766345045217|25951.9242865136|","1401023|1.69416773991916|23735.6796948476|","1389773|1.60299586005736|22278.0036541949|","1378721|1.72328164812286|23759.2459718159|","1367508|1.68412990777898|23030.6112192702|","1356245|1.63624356854274|22191.4715861825|","1344929|1.6999273558461|22862.8159877074|","1333875|2.16955838470349|28939.1969039637|","1322734|2.33242543759741|30851.7842877497|","1311522|2.3669963129617|31043.6773836815|","1300328|2.49216373180536|32406.30281051|","1289458|2.51065420669047|32373.8315205068|","1278505|1.5341005935068|19613.5527930141|","1267529|1.53807023263042|19495.486238958|","1256541|1.59568087670143|20050.3844449129|","1245701|1.54170051786686|19204.9787680726|","1234756|1.57605364862103|19460.4169895671|","1223802|1.6369425436795|20032.9355884006|","1212653|1.52349063786566|18474.6549247971|","1201755|1.4354944561924|17251.1264020149|","1190844|2.24236079511791|26703.0189870139|","1180042|2.17199824607918|25630.4915429977|","1169430|1.7037486788683|19924.1481752896|","1159311|1.8584365163658|21545.0589622456|","1149264|2.43371102288155|27969.7646500094|","1139293|1.493473993143|17015.0446606986|","1129356|1.67877597038447|18959.3571480953|","1119622|1.46208265658713|16369.7990813339|"
"San Luís Potosí","2876885|4.11528658590234|118392.062496837|","2871622|2.3497336892282|67475.4695612886|","2860958|1.64151917850012|46963.1742588335|","2855532|1.6465713610206|47018.3721167788|","2850127|1.57273127938515|44824.8388312017|","2844618|1.72334073387862|49022.4607172432|","2839106|1.68748433486267|47909.4690001463|","2833491|1.77789974332731|50376.6292162026|","2827850|1.60389390193098|45355.7137057551|","2822174|1.46959927784203|41474.6487234455|","2816450|1.47347044263749|41499.5582816637|","2810708|1.54109310265478|43315.6271237661|","2804873|1.71346598015105|48060.5446414422|","2798891|1.70956851112914|47848.9591968276|","2793042|1.73293528853187|48401.6104415164|","2787109|1.65143170122328|46027.2015736472|","2781058|1.69584147706794|47162.335065316|","2774971|1.74664116104408|48468.7856930364|","2768905|1.595989241291|44191.4259015684|","2762818|1.62926183916879|45013.5393596865|","2756620|1.63118868759681|44965.6736000313|","2750399|1.70883633367659|46999.8174330777|","2744134|1.664002175277|45662.4494525156|","2737823|1.70527403628337|46687.3847783944|","2731485|1.69071631536941|46181.6625468681|","2724955|1.62388086721143|44250.0228851213|","2718578|1.58500159547647|43089.5046742723|","2712062|2.17542728706135|58998.9367900217|","2705525|2.31545680828151|62645.2628122583|","2698847|2.36324078137245|63780.252930847|","2692231|2.29630758241236|61821.9045890561|","2685561|1.91262060519328|51364.5930510346|","2678781|1.83706713502617|49211.0053703253|","2671911|1.90458746176864|50888.8818956171|","2664999|1.92918897682623|51412.8669405293|","2658109|2.011667976486|53472.3275330923|","2651066|1.93519999749458|51303.4291655798|","2644085|1.92096581798193|50791.9690483876|","2637132|1.92798291409588|50843.454382155|","2630071|1.87563019897206|49330.4059304064|","2622875|1.93956119310511|50872.2656436557|","2615571|1.91047046431282|49969.7114281315|","2608336|2.14812858452862|56030.4111965505|","2600891|2.14765053657925|55858.0495173415|","2593097|2.07731738973682|53866.8549137437|","2584970|2.08103893166162|53794.2320717734|","2576788|2.0958185572006|54004.8010837182|","2568391|2.03417185554863|52245.4868624441|","2559935|1.89426461732611|48491.9429315472|","2551615|2.0673500748771|52750.8146130754|","2543693|1.97223201004282|50167.5275832186|","2536011|1.9699698662072|49958.6525036998|","2528711|1.77624392263|44916.0754583762|","2521677|1.69045290603818|42627.7621273963|","2515219|1.68225886271047|42312.4945440777|","2509020|1.68550854903756|42289.7465970623|","2502948|1.68856159201812|42263.8185961857|","2496945|1.68943037982179|42184.1473974411|","2491192|1.9833634205235|49409.3908630078|","2485631|1.76830073082372|43953.4311385809|","2480264|1.75275605616167|43472.9774687976|","2475234|1.45100775030006|35915.8371780621|","2470679|1.34977542438752|33348.6179575033|"
"Sinaloa","3114153|3.0278288856538|94291.2240774545|","3108567|2.99631496251441|93142.4581407853|","3097262|1.66056972076674|51432.1949448144|","3091619|1.53428696198628|47434.3072312906|","3085806|1.59149435266197|49110.4282241043|","3079983|1.67315208288777|51532.7997170891|","3074233|2.05691069356506|63234.2273221058|","3068336|1.79957456106005|55216.9941038473|","3062377|1.70871965118078|52327.4375922404|","3056360|1.75713563069678|53704.3905623641|","3050335|1.7298456419474|52766.0870622962|","3044298|1.83566894096626|55883.2328564571|","3038083|1.70831376849274|51899.9901872373|","3031891|1.65860980137589|50287.2412930334|","3025678|1.75042928175677|52962.3536836725|","3019438|1.621240694529|48952.3576020726|","3013164|1.56444769405874|47139.3747162081|","3006803|1.45640115142111|43791.1135129645|","3000560|1.64983140654631|49504.1812522659|","2994153|1.49632138418273|44802.1516141489|","2987845|1.57839568390178|47160.0165216751|","2981352|1.46959588406187|43813.8262813963|","2975027|1.69220660433919|50343.6033748741|","2968543|1.49831338254417|44478.0770355783|","2962047|1.78046680236831|52738.2635055466|","2955396|1.74409629250848|51544.9520649441|","2948918|1.62769288006109|47999.3283248399|","2942317|2.07214339556132|60969.0273919779|","2935676|3.20805203964412|94178.013795343|","2929055|2.71029069153288|79385.9050148783|","2922492|3.05334358729796|89233.7220712958|","2915894|3.13157540162455|91313.4192414462|","2909157|2.77694510839433|80785.6930070112|","2902384|2.76959978173193|80384.4209290225|","2895596|2.86591387578521|82985.2875506815|","2888796|2.79416403055228|80717.698748033|","2881925|2.80830224334059|80933.1644263934|","2875187|2.70148198575418|77672.6588617461|","2868531|2.80410661036117|80436.6673912595|","2861755|2.78590913098341|79725.8938513742|","2854829|2.71018432222579|77371.1279843552|","2847644|2.74683258535807|78220.0133069939|","2840382|2.72441163776429|77383.6977649622|","2832871|2.87078200798858|81325.550977526|","2825046|2.91665526031363|82396.8527652798|","2816821|2.90878242111573|81935.1940822963|","2808519|2.69761591024387|75763.0553862222|","2800050|2.94483310677919|82456.7994063707|","2791452|2.80163393592363|78206.2665370188|","2782809|2.7668024317523|76994.8270830219|","2774464|2.80300126589326|77768.2610417528|","2766101|2.82831239289712|78233.9773830512|","2757901|2.91573769156016|80413.1589529145|","2749718|2.85267668812587|78440.5643752009|","2741807|2.81340488330264|77138.1320287336|","2733836|2.8751217193376|78601.1126070704|","2725756|2.8815032575946|78542.7479340801|","2717605|2.75015834655064|74738.4407337776|","2709461|2.83831890741979|76903.1438521652|","2701240|2.77645221746328|74998.6378790051|","2693190|2.79213054595758|75197.3806506749|","2685255|2.95676052894691|79396.5599415733|","2677884|2.50357810341699|67042.9174589071|"
"Sonora","3139827|2.1762783028085|68331.3737467232|","3130573|3.16152036071037|98973.7028019013|","3112025|2.45717712062237|76467.9662880483|","3102714|2.10926653295569|65444.5080153308|","3093325|2.03212968721395|62860.3756470108|","3083843|1.9694832781917|60735.7722106852|","3074447|1.90122577592134|58452.1788310404|","3064948|1.87000063170701|57314.5469614914|","3055334|1.71337358341131|52349.2856409842|","3045682|1.78339790939414|54316.6291147937|","3036144|1.60361003078649|48687.9097331222|","3026511|1.63980557801351|49628.8961971924|","3016764|1.60777827024875|48502.8760566869|","3006935|1.70862049068175|51377.1075514813|","2997240|1.73633137383865|52042.0184692416|","2987473|1.83661570284898|54868.3982363736|","2977588|1.62585703656078|48411.3240177895|","2967672|1.6867685072577|50057.7566947048|","2957787|1.61304365494114|47710.395530174|","2947880|1.47989362101237|43625.4880750994|","2937899|1.50114317931464|44102.0704536529|","2927831|1.68942955918281|49463.6423569177|","2917892|1.63964924681168|47843.1942007783|","2907774|1.66484305781974|48409.8735760874|","2897687|1.98566047803994|57538.2255363011|","2887366|1.8517350885012|53466.3693554536|","2877241|1.92940604703943|55513.6618418976|","2867027|3.36023125519499|96338.7373488792|","2856713|2.89592592059388|82728.292243975|","2846266|4.37979522117812|124660.622250018|","2836025|4.57650778218729|129790.904829777|","2825663|3.92133569279548|110803.731777116|","2815182|3.8402111083008|108108.931882885|","2804539|3.81107184595021|106882.996237693|","2794051|3.74933711653183|104758.391197829|","2783401|3.48401033989264|96973.9786406752|","2772803|3.43090735575687|95132.3020876471|","2762082|3.30301787589521|91232.0622068839|","2751465|3.26838763968024|89928.5419701279|","2740713|3.34191901123963|91592.4087905161|","2729874|3.40488212166811|92948.9917700662|","2718886|3.42949872630991|93244.1607398186|","2707921|3.36919134433604|91235.0399434579|","2696775|3.56367033619219|96104.170708847|","2685402|3.48408397589597|93561.6607703899|","2673675|2.86600285624137|76627.6018666115|","2661990|3.10416130390426|82632.463493801|","2650129|3.05962330366661|81083.9644612269|","2638223|3.15118396212791|83135.2600611697|","2626340|3.28979578550792|86401.2226331087|","2614746|3.44357460858528|90040.7293349992|","2603271|3.52694881271878|91816.0356263524|","2591841|3.62884523241125|94053.8985601802|","2580416|3.68474678830305|95081.795684858|","2569281|3.73190434102271|95883.1091720716|","2558331|3.47187205731523|88821.9791226333|","2547459|3.60764946643112|91903.3910210515|","2536867|3.60473272516618|91447.2749429416|","2526781|3.31278133865965|83706.7294367977|","2516753|3.26170811369606|82089.1368026891|","2506764|3.28837707478546|82431.8526949749|","2496635|3.15473384911441|78762.1894338376|","2486531|3.34682793783705|83219.9141909789|"
"Tabasco","2506681|1.82734129648676|45805.6170841872|","2501296|2.07659944256336|51941.8987928595|","2490501|2.03825466153715|50762.7527281294|","2485036|2.14495814355818|53302.9820523524|","2479511|2.16489550013055|53678.8220642421|","2473911|1.95972831660883|48481.9343947008|","2468400|1.97154792723281|48665.6890358146|","2462857|1.89406063242447|46648.0048699104|","2457157|1.97921798605149|48632.4932895231|","2451420|1.9608662022598|48069.0662554371|","2445820|1.94459267178715|47561.2364851044|","2440107|2.18270128885246|53260.246938379|","2434311|1.98608485754244|48347.4821564899|","2428422|1.78263520352492|43289.905462144|","2422633|1.73496540328636|42031.8443985985|","2416790|1.95512037096547|47251.1536134563|","2410892|1.93345650491581|46613.5482004948|","2404905|1.8930864385456|45526.9304149051|","2399020|1.65669057893856|39744.3383268519|","2393002|1.79384700682346|42926.7947502256|","2386956|1.77685041953652|42412.6377001522|","2380881|1.77182514565271|42185.0482460676|","2374873|1.92569006696735|45732.6934640896|","2368708|2.10215935561757|49794.0168292618|","2362551|2.00353812552172|47334.6100198948|","2356382|2.17760984073226|51312.8063172436|","2350218|2.11413919307254|49686.8798606457|","2344013|2.45222823273432|57480.5485649627|","2337719|2.59424188799713|60646.0855216676|","2331303|2.72560727331271|63542.1641309574|","2325031|2.898820309784|67398.4708367741|","2318761|2.3631784212088|54796.4595914055|","2312344|2.37845426693583|54998.0445342346|","2305848|2.47917031584832|57165.8991445821|","2299448|2.46850587816292|56762.0090452998|","2293027|2.48132473062734|56897.4460309623|","2286456|2.55543294696528|58428.8499418645|","2279862|2.6532197323424|60489.7484541761|","2273309|2.43948786140345|55457.0971071922|","2266650|2.42210982832944|54900.7524238292|","2259920|2.42238008178372|54743.8519442467|","2253163|2.38405186763069|53716.5745822637|","2246584|2.21072029807713|49665.6885013531|","2239876|2.49472757361015|55878.8041866761|","2233134|2.63573318327622|58859.4538650236|","2226292|2.53629635577395|56465.3628648869|","2219510|2.47333468128981|54895.9105846955|","2212644|2.31840412106337|51298.0296804613|","2205716|2.42790767561701|53552.7480663125|","2198745|2.11381920440453|46477.4940658845|","2191875|2.20073519740795|48237.3646081856|","2184919|6.94212642495096|151679.839262774|","2177969|2.37316272218413|51686.7484087264|","2171003|2.68892909851772|58376.7313966926|","2164176|2.75552242392686|59634.3549732435|","2157322|2.46232876140016|53120.3600820132|","2150565|2.55888828593491|55030.5558664161|","2143793|2.492714290941|53438.6344791928|","2137156|2.12059138055156|45320.3459249405|","2130503|2.13954154237596|45582.9967465662|","2123768|1.91723442276641|40717.6111556977|","2116941|2.05823891089009|43571.7033825859|","2109981|1.77575846484026|37468.1662140212|"
"Tamaulipas","3749279|1.55254640731263|58209.2964146268|","3740248|1.81187683618699|67768.687127947|","3722002|1.72659768338976|64264.0003077205|","3712814|1.7252083323361|64053.7764921411|","3703561|1.5591189099273|57742.9198916926|","3694194|1.43815031063478|53128.0624864514|","3684902|1.58767120537787|58504.1280003932|","3675506|1.64411964576415|60429.7162272401|","3666042|1.65771700014495|60772.6014664539|","3656423|1.67478639408753|61237.2749142872|","3646896|1.67705668482447|61160.5131565963|","3637270|1.56750534522787|57014.4016703699|","3627530|1.44140445430263|52287.3790011643|","3617768|1.51400364637551|54773.1394374062|","3608027|1.73263002495345|62513.7591104273|","3598179|1.61417033203848|58080.7379116387|","3588321|1.81427995423557|65102.1885966254|","3578363|1.81957676424878|65111.0616884754|","3568470|1.58471670123305|56550.140068491|","3558491|1.54488035758095|54974.4284852859|","3548469|1.68602769256211|59828.1700019819|","3538332|1.71306107720927|60613.7882744403|","3528332|1.51980728707836|53623.8468483178|","3518159|1.49980482791765|52765.5185358193|","3508008|1.56706011104587|54972.594060298|","3497620|1.62799216193888|56940.9794544065|","3487372|1.7836866217619|62203.7878150703|","3477048|1.77387087432996|61678.3417584726|","3466605|1.95154852176281|67652.4786328557|","3456127|2.00955391631746|69452.735481405|","3445803|2.32503413797355|80116.0960773169|","3435340|2.159945028231|74201.4555328308|","3424725|2.02054501568305|69198.1102883514|","3414020|2.01483513108921|68786.8743424119|","3403361|1.81650773227556|61822.3157222507|","3392572|1.95617888461899|66364.7771094962|","3381868|1.88309128998041|63683.6617466347|","3371272|1.90975381169484|64382.995522601|","3360960|1.92002121915376|64531.1451672702|","3350442|1.99436726585075|66820.1185093152|","3339894|1.9198801171178|64121.9608388103|","3329245|1.88195236997943|62654.8051799216|","3318593|1.7769905276938|58971.0832627095|","3307651|1.6997664129441|56222.3407554097|","3296225|1.79239291195336|59081.3032620347|","3284216|1.75604231956123|57672.2228258009|","3271903|1.82666314183901|59766.6461377249|","3259126|1.88531483992548|61444.7861298697|","3245969|1.85407734113101|60182.775729137|","3232510|1.85662360542258|60015.5437076453|","3219011|1.85355799678733|59666.2358079638|","3205306|1.85379031678172|59419.6522512235|","3191574|1.83416366114213|58538.6905264602|","3177666|1.77621224705558|56442.0926625213|","3163923|1.63961128055116|51876.0384159528|","3150165|2.52477405931255|79534.5487455433|","3136361|2.42423144420424|76032.6495657586|","3122572|1.81955487451175|56816.911036139|","3109095|3.28294305720177|102069.818444307|","3095598|1.83889389144805|56924.762525788|","3082119|1.68628911100344|51973.437085168|","3068645|1.71469340750021|52617.8535145847|","3055511|1.74521964687405|53325.3782843977|"
"Tlaxcala","1369762|1.38465432986651|18966.4688418661|","1365697|2.47770698478542|33837.969960005|","1357445|1.28593990161942|17455.9268975377|","1353260|1.3401580125155|18135.8223201672|","1349108|1.42545787747524|19230.9662616487|","1344908|1.35636633350326|18241.879328592|","1340763|1.37638872098978|18454.1107072042|","1336516|1.37843470899275|18423.0004352416|","1332275|1.31755119525494|17553.4051865827|","1328059|1.24825219408161|16577.5256061983|","1323789|1.37619167672337|18217.8740353796|","1319552|1.36206493237136|17973.155056405|","1315265|1.28843419596331|16946.3240275369|","1310954|1.30562313864329|17116.1187609697|","1306628|1.36174991815174|17793.0057205477|","1302327|1.30563540690699|17003.6424257095|","1297998|1.30218943245922|16902.3927895321|","1293646|1.26766049062974|16399.039230612|","1289277|1.31935739175739|17010.171399728|","1284913|1.33804561719137|17192.7220812222|","1280528|1.34683286785641|17246.5719861043|","1276101|1.32684081402623|16931.8288961969|","1271733|1.28955854038935|16399.7415124497|","1267325|1.23572135437059|15660.6056542771|","1262940|1.24776662729348|15758.5438427403|","1258400|1.20789201272094|15200.1130880803|","1254022|1.26145403932168|15818.9111729825|","1249483|1.33507667750611|16681.5561224037|","1245022|1.38678756051696|17265.8102216994|","1240470|1.46931156997114|18226.3692320209|","1235988|1.48852400377931|18397.9780638318|","1231499|1.62016684770529|19952.3385278222|","1226945|1.64172648711274|20143.0810473054|","1222385|1.46303105687776|17883.8721846153|","1217847|1.51552147935234|18456.7328706481|","1213304|1.66664744855901|20221.5001592644|","1208703|1.77016963789381|21396.0935183117|","1203950|1.78917567270338|21540.7805115123|","1199280|1.68777920412435|20241.1984392225|","1194462|1.61868299143189|19334.5532331172|","1189711|1.6227781897037|19306.3706285058|","1184961|1.66433327980524|19721.700275713|","1180420|1.70241005817984|20095.5888087664|","1175906|1.74118984849307|20474.7558998209|","1171240|1.74901794123596|20485.1977349321|","1166484|1.68818300819338|19692.3846812945|","1161724|1.61663704893754|18780.8605903992|","1156835|1.48546282482708|17184.3538695884|","1151965|1.44841725148706|16685.259791093|","1146968|1.51748655945045|17405.0852411977|","1142264|1.47510715197553|16849.6179584418|","1137457|1.49113754130933|16961.0483432509|","1132727|1.5193417367947|17209.9940749425|","1128120|1.58232884783877|17850.5681982387|","1123655|1.54968851201968|17413.1524497347|","1119284|1.59871817783043|17894.1967695475|","1115148|1.85649046643251|20702.6163066128|","1111186|1.58350584182217|17595.6952235101|","1107553|1.88062293895212|20828.8957790524|","1104050|1.54976593063001|17110.1907571207|","1100502|1.55082467626886|17066.8565788323|","1096826|1.5039720744329|16495.9567451193|","1092958|1.5967798399939|17452.1330036005|"
"Veracruz de Ignacio de la Llave","8348082|2.11197027043706|176309.009991708|","8335037|3.22536789510705|268835.607443294|","8308733|2.09249193341325|173859.567793845|","8295437|1.95622870898368|162277.720129655|","8282022|1.95872514861626|162222.047727932|","8268420|1.84588122083918|152625.212040111|","8254927|1.94545966481307|160596.275144764|","8241271|1.75086500380117|144293.529807415|","8227381|1.74063894557473|143208.997886816|","8213362|1.80209418571629|148012.519053831|","8199464|1.75108876233605|143579.89267579|","8185447|1.96064891963058|160487.878172433|","8171234|1.90676414902857|155806.160445233|","8156841|1.74125773921468|142031.625187936|","8142581|1.84519649577467|150246.619277614|","8128152|1.70081910925004|138245.162444889|","8113582|1.69934863949524|137878.045331331|","8098837|1.57841571398138|127833.315857738|","8084193|1.56847740204525|126798.740342724|","8069339|1.54393575890948|124585.410328628|","8054450|1.5618699897665|125800.037390748|","8039337|1.59784029990779|128455.766431398|","8024321|1.55772337749242|124996.724102033|","8009118|1.48967978548444|119310.211841596|","7993727|1.56968660306696|125476.461804747|","7978201|1.55844817090794|124336.127555859|","7962769|1.58031647749726|125836.950572044|","7947119|1.79034776719767|142281.067573042|","7931295|2.14466013867222|170099.322345503|","7915231|2.52915163967482|200188.19462055|","7899321|2.66855920637006|210798.057786224|","7883195|2.08384633367801|164273.669984188|","7866911|2.3173768718796|182305.976045352|","7850454|2.40686513800854|188949.840501397|","7834100|2.3314590386168|182648.832544279|","7817454|2.24398030302661|175422.127958166|","7800531|2.18570112684552|170496.293966934|","7783156|2.16267296433299|168324.210583861|","7765725|2.04992926156991|159191.86914805|","7747820|1.92532913999152|149171.036174091|","7729651|2.31580382231786|179003.55330983|","7711233|1.89433468908181|146076.561674924|","7693026|1.81157893343532|139365.238359702|","7674599|2.0077399178658|154085.987659129|","7655870|2.01048004617543|153919.738711131|","7636843|1.75198936794583|133796.677406716|","7618014|1.84988860782532|140924.773128538|","7599195|1.83196680906878|139214.730156414|","7580640|1.86583258302853|141442.051122094|","7562561|1.81210936573478|137041.876170406|","7545406|2.00038763817093|150937.368873807|","7528849|1.96733968183961|148118.033962785|","7513046|1.93700702088065|145528.228501993|","7497872|1.93838007359385|145337.256791572|","7483704|1.68207558218298|125881.557626851|","7470243|1.75203008398979|130880.904707141|","7457579|1.63291816958164|121776.162501905|","7445741|1.63896731887051|122033.261637742|","7434894|1.75108923108829|130191.62817683|","7424629|1.66247768632061|123432.800417089|","7414810|1.58025830367212|117173.15072651|","7405208|3.11143908121416|230408.535757198|","7395917|3.15215760018086|233130.959818568|"
"Yucatán","2262384|2.9200015064115|66061.6468808127|","2255834|3.44083563871786|77619.5402223147|","2242702|1.53649338879111|34458.9679602859|","2236177|1.58339643434501|35407.5468836432|","2229538|1.58829845496362|35411.7176068268|","2222924|1.52183814779782|33829.3054285532|","2216364|1.50551280376916|33367.6437981303|","2209689|1.55222452700701|34299.3346285759|","2203014|1.45424784256483|32037.2835664012|","2196284|1.34194245550756|29472.8674395198|","2189640|1.33378490804313|29205.0878604756|","2182983|1.28661788556546|28086.6497168534|","2176306|1.3580380569886|29555.0637165262|","2169504|1.55834325269922|33808.3192010397|","2162792|1.42166061920256|30747.5621392635|","2156091|1.38687242374861|29902.2315099256|","2149354|1.45315398696946|31233.4233450876|","2142506|1.51576740571306|32475.4076134467|","2135805|1.48064148860612|31623.614945724|","2128953|1.42567306154442|30351.9094139419|","2122198|1.45326007172409|30841.0561769272|","2115373|1.54171771194339|32613.0802146682|","2108648|1.44457087239943|30460.9148094332|","2101859|1.45436532717748|30568.7085221593|","2095005|1.44165892494179|30202.8265604768|","2088100|1.4512057430522|30302.627120673|","2081322|1.37542829387931|28627.0916747347|","2074493|1.46922072237087|30478.8810401331|","2067619|1.40709840079275|29093.4338834871|","2060711|1.48271492816231|30554.4696232828|","2053936|1.46307806917902|30050.6871709728|","2047055|1.50584138436472|30825.4013507073|","2040204|1.4365884724407|29309.3354782741|","2033289|1.48984651309664|30292.8852676775|","2026419|1.46868517319919|29761.7153998914|","2019563|1.54244275230049|31150.6031216424|","2012665|1.42306207358913|28641.4722834026|","2005725|1.46665125001998|29416.9907844632|","1998838|1.5288783760782|30559.801954834|","1991975|1.50805568117999|30040.0921551851|","1985054|1.40485431644833|27887.1168028303|","1978073|1.48540158527957|29382.3276999872|","1971225|1.42219895457258|28034.7413422734|","1964337|1.4684034348879|28844.3919807739|","1957334|1.54193440594605|30180.8063852801|","1950336|1.66778106920709|32527.3345939307|","1943400|1.75426231265703|34092.3337841767|","1936365|1.86546245631722|36122.162092267|","1929397|1.92047572901463|37053.6011013364|","1922433|1.74720890901795|33588.920645901|","1915574|1.58659627464058|30392.4257219836|","1908833|1.43099161123075|27315.2401024043|","1902076|1.50285544631057|28585.4527589662|","1895300|1.50937516865342|28607.1875714883|","1888760|1.38750365041491|26206.6139475767|","1882245|1.50359871659156|28301.4116631088|","1875768|1.52867217719596|28674.3435247451|","1869451|1.41171309340265|26391.2845417467|","1863338|1.43928283222561|26818.703940336|","1857250|1.41279652001261|26239.1633679341|","1851147|1.40475397463058|26004.0610587548|","1845036|1.44471280694575|26655.4713847596|","1838954|1.34061827022376|24653.3533050107|"
"Zacatecas","1637830|2.15147540218784|35237.5095796532|","1635218|2.48490868837935|40633.674155943|","1629962|2.12946298806637|34709.4375095464|","1627248|2.11788877182848|34463.3026818034|","1624592|2.21365236233557|35962.8191863146|","1621786|2.226428986868|36107.9136089671|","1619117|2.08606931968719|33775.9029868396|","1616330|2.11842585174711|34240.7525695441|","1613468|1.97751373459612|31906.5513033133|","1610599|2.1215026776238|34168.9009107821|","1607748|2.10498400928801|33842.8383096479|","1604821|2.00378664908506|32157.1889397134|","1601944|1.97852536676979|31694.8684014467|","1598947|1.98166226064354|31685.7292666921|","1596010|2.04061530891468|32568.4243918092|","1592994|1.93041527252918|30751.3994664734|","1589940|1.87973402003128|29886.6430780854|","1586920|1.91427046096829|30377.940799198|","1583893|1.99551576447605|31606.8345074327|","1580777|1.90762269570531|30155.2608204895|","1577656|1.98818485250834|31366.717616689|","1574533|2.25219383242557|35461.5351155053|","1571354|2.25075146610815|35367.273192749|","1568146|2.06336727106507|32356.6113265161|","1564961|2.015807474195|31546.6008062368|","1561644|2.05719469744823|32126.0575610185|","1558443|2.07197866758149|32290.6065064169|","1555160|1.87092815640488|29095.9263171461|","1551805|2.37606832867926|36871.9471278611|","1548511|2.23674272696941|34636.2071688213|","1545246|2.23368270229351|34515.8926098824|","1541875|2.22764907690488|34347.5642045271|","1538434|2.37237421554682|36497.4115392055|","1534919|2.49538469237921|38302.13376642|","1531519|2.54437354296334|38967.5642414567|","1527977|2.70576633869257|41343.4873289645|","1524461|2.49699709490524|38065.7468829634|","1521048|2.39445516609602|36420.8124148002|","1517705|2.43840041293518|37007.7249871378|","1514248|2.41776930999761|36611.0234212525|","1510863|2.43803735869072|36835.4043786354|","1507367|2.39237620583883|36061.8894426666|","1503883|2.51798666553683|37867.5734052752|","1500172|2.58957066583093|38848.0140490091|","1496316|2.53716547582039|37964.0129611766|","1492083|2.45997392064207|36704.8526743339|","1487618|2.46328361687215|36644.2504756411|","1483067|2.4182709770407|35864.5788310682|","1478444|2.39958868433101|35476.5749281708|","1473888|2.37403249428068|34990.5800493036|","1469621|2.2680904626234|33332.3337377106|","1465515|2.1216048829068|31092.4377997316|","1461677|2.3074688053635|33727.740810173|","1458244|2.29493192243277|33465.7070629605|","1455205|2.27974298517732|33174.9339074497|","1452263|2.33871437288771|33964.2835131302|","1449497|2.29412639457355|33253.2932655517|","1446566|1.95204459542372|28237.613422237|","1443668|2.19831751226967|31736.4064630333|","1440973|2.21365358577037|31898.1504844829|","1438440|2.0213285888751|29075.598953815|","1436368|2.78720280391753|40034.4891705742|","1434753|2.00168609952257|28719.2513634831|"
